##,GEXFLOW_SPX,zero_gamma,call_wall,put_wall,signal,signal_prob,vix,regime,dex_bias,daily_sigma,fat_tail_up,fat_tail_dn
20260720 141832,7494.17,7510.00,7470.00,ESPERAR,0,,ALINEADO,BULLISH_SQUEEZE_RISK,,,
20260720 142032,7493.80,7510.00,7470.00,ESPERAR,0,,ALINEADO,BULLISH_SQUEEZE_RISK,,,
20260720 142232,7493.80,7500.00,7470.00,ESPERAR,0,,ALINEADO,BULLISH_SQUEEZE_RISK,,,
20260720 142432,7492.95,7500.00,7470.00,ESPERAR,0,,ALINEADO,BULLISH_SQUEEZE_RISK,,,
20260720 142632,7492.95,7500.00,7470.00,ESPERAR,0,,ALINEADO,BULLISH_SQUEEZE_RISK,,,
20260720 142832,7491.61,7500.00,7470.00,ESPERAR,0,,ALINEADO,BULLISH_SQUEEZE_RISK,,,
20260720 143032,7492.05,7500.00,7470.00,ESPERAR,0,,ALINEADO,BULLISH_SQUEEZE_RISK,,,
20260720 143232,7491.20,7500.00,7470.00,ESPERAR,0,,ALINEADO,BULLISH_SQUEEZE_RISK,,,
20260720 143432,7490.26,7500.00,7470.00,ESPERAR,0,,ALINEADO,BULLISH_SQUEEZE_RISK,,,
20260720 143632,7484.74,7500.00,7470.00,ESPERAR,0,,ALINEADO,BULLISH_SQUEEZE_RISK,,,
20260720 143832,7490.51,7500.00,7470.00,ESPERAR,0,,ALINEADO,BULLISH_SQUEEZE_RISK,,,
20260720 144032,7489.92,7500.00,7470.00,ESPERAR,0,,ALINEADO,BULLISH_SQUEEZE_RISK,,,
20260720 144232,7484.49,7500.00,7470.00,ESPERAR,0,,ALINEADO,BULLISH_SQUEEZE_RISK,,,
20260720 144432,7484.17,7500.00,7470.00,ESPERAR,0,,ALINEADO,BULLISH_SQUEEZE_RISK,,,
20260720 144632,7484.74,7500.00,7470.00,ESPERAR,0,,ALINEADO,BULLISH_SQUEEZE_RISK,,,
20260720 144832,7483.39,7500.00,7450.00,ESPERAR,0,,ALINEADO,BULLISH_SQUEEZE_RISK,,,
20260720 145032,7483.80,7500.00,7450.00,ESPERAR,0,,ALINEADO,BULLISH_SQUEEZE_RISK,,,
20260720 145232,7483.39,7500.00,7450.00,ESPERAR,0,,ALINEADO,BULLISH_SQUEEZE_RISK,,,
20260720 145432,7483.80,7500.00,7450.00,ESPERAR,0,,ALINEADO,BULLISH_SQUEEZE_RISK,,,
20260720 145632,7483.39,7500.00,7450.00,ESPERAR,0,,ALINEADO,BULLISH_SQUEEZE_RISK,,,
20260720 145832,7483.39,7500.00,7450.00,ESPERAR,0,,ALINEADO,BULLISH_SQUEEZE_RISK,,,
20260720 150032,7483.39,7500.00,7450.00,ESPERAR,0,,ALINEADO,BULLISH_SQUEEZE_RISK,,,
20260720 150232,7482.95,7500.00,7450.00,ESPERAR,0,,ALINEADO,BULLISH_SQUEEZE_RISK,,,
20260720 150432,7481.20,7500.00,7450.00,ESPERAR,0,,ALINEADO,BULLISH_SQUEEZE_RISK,,,
20260720 150632,7482.05,7500.00,7450.00,ESPERAR,0,,ALINEADO,BULLISH_SQUEEZE_RISK,,,
20260720 150832,7481.61,7500.00,7450.00,ESPERAR,0,,ALINEADO,BULLISH_SQUEEZE_RISK,,,
20260720 151032,7480.83,7500.00,7450.00,ESPERAR,0,,ALINEADO,BULLISH_SQUEEZE_RISK,,,
20260720 151232,7480.83,7500.00,7450.00,ESPERAR,0,,ALINEADO,BULLISH_SQUEEZE_RISK,,,
20260720 151432,7480.83,7500.00,7450.00,ESPERAR,0,,ALINEADO,BULLISH_SQUEEZE_RISK,,,
20260720 151632,7480.08,7500.00,7450.00,ESPERAR,0,,ALINEADO,BULLISH_SQUEEZE_RISK,,,
20260720 151832,7479.92,7500.00,7450.00,ESPERAR,0,,ALINEADO,BULLISH_SQUEEZE_RISK,,,
20260720 152032,7478.80,7500.00,7450.00,ESPERAR,0,,ALINEADO,BULLISH_SQUEEZE_RISK,,,
20260720 152232,7478.39,7500.00,7450.00,ESPERAR,0,,DIVERGENTE,BULLISH_SQUEEZE_RISK,,,
20260720 152432,7478.39,7500.00,7450.00,ESPERAR,0,,DIVERGENTE,BULLISH_SQUEEZE_RISK,,,
20260720 152632,7478.39,7500.00,7450.00,ESPERAR,0,,DIVERGENTE,BULLISH_SQUEEZE_RISK,,,
20260720 152832,7477.95,7500.00,7450.00,ESPERAR,0,,DIVERGENTE,BULLISH_SQUEEZE_RISK,,,
20260720 153032,7478.39,7500.00,7470.00,ESPERAR,0,,DIVERGENTE,BULLISH_SQUEEZE_RISK,,,
20260720 153232,7478.39,7500.00,7470.00,ESPERAR,0,,DIVERGENTE,BULLISH_SQUEEZE_RISK,,,
20260720 153432,7477.95,7500.00,7470.00,ESPERAR,0,,DIVERGENTE,BULLISH_SQUEEZE_RISK,,,
20260720 153632,7477.95,7500.00,7470.00,ESPERAR,0,,DIVERGENTE,BULLISH_SQUEEZE_RISK,,,
20260720 153832,7478.39,7500.00,7450.00,ESPERAR,0,,ALINEADO,BULLISH_SQUEEZE_RISK,,,
20260720 154032,7478.39,7500.00,7450.00,ESPERAR,0,,ALINEADO,BULLISH_SQUEEZE_RISK,,,
20260720 154232,7478.80,7500.00,7470.00,ESPERAR,0,,DIVERGENTE,BULLISH_SQUEEZE_RISK,,,
20260720 154432,7478.39,7500.00,7450.00,ESPERAR,0,,DIVERGENTE,BULLISH_SQUEEZE_RISK,,,
20260720 154632,7478.80,7500.00,7470.00,ESPERAR,0,,DIVERGENTE,BULLISH_SQUEEZE_RISK,,,
20260720 154832,7478.80,7500.00,7450.00,ESPERAR,0,,ALINEADO,BULLISH_SQUEEZE_RISK,,,
20260720 155032,7478.39,7500.00,7450.00,ESPERAR,0,,ALINEADO,BULLISH_SQUEEZE_RISK,,,
20260720 155232,7478.39,7500.00,7470.00,ESPERAR,0,,DIVERGENTE,BULLISH_SQUEEZE_RISK,,,
20260720 155432,7478.80,7500.00,7470.00,ESPERAR,0,,DIVERGENTE,BULLISH_SQUEEZE_RISK,,,
20260720 155632,7477.95,7500.00,7470.00,LONG,55,,DIVERGENTE,BEARISH_SQUEEZE_RISK,,,
20260720 155832,7477.95,7500.00,7470.00,ESPERAR,0,,DIVERGENTE,BEARISH_SQUEEZE_RISK,,,
20260720 160032,7478.39,7500.00,7470.00,ESPERAR,0,,DIVERGENTE,BEARISH_SQUEEZE_RISK,,,
20260720 160232,7478.80,7500.00,7470.00,ESPERAR,0,,DIVERGENTE,BEARISH_SQUEEZE_RISK,,,
20260720 160432,7479.49,7500.00,7470.00,ESPERAR,0,,DIVERGENTE,BEARISH_SQUEEZE_RISK,,,
20260720 160632,7479.17,7500.00,7470.00,ESPERAR,0,,DIVERGENTE,BEARISH_SQUEEZE_RISK,,,
20260720 160832,7479.17,7500.00,7470.00,ESPERAR,0,,DIVERGENTE,BEARISH_SQUEEZE_RISK,,,
20260720 161032,7478.80,7500.00,7470.00,ESPERAR,0,,DIVERGENTE,BEARISH_SQUEEZE_RISK,,,
20260720 161232,7479.17,7500.00,7470.00,ESPERAR,0,,ALINEADO,BEARISH_SQUEEZE_RISK,,,
20260720 161432,7479.17,7500.00,7470.00,ESPERAR,0,,DIVERGENTE,BEARISH_SQUEEZE_RISK,,,
20260720 161632,7479.49,7500.00,7470.00,ESPERAR,0,,DIVERGENTE,BEARISH_SQUEEZE_RISK,,,
20260720 161832,7479.74,7500.00,7470.00,ESPERAR,0,,DIVERGENTE,BEARISH_SQUEEZE_RISK,,,
20260720 162032,7479.74,7500.00,7470.00,ESPERAR,0,,DIVERGENTE,BEARISH_SQUEEZE_RISK,,,
20260720 162232,7479.74,7500.00,7470.00,ESPERAR,0,,DIVERGENTE,BEARISH_SQUEEZE_RISK,,,
20260720 162432,7479.49,7500.00,7470.00,ESPERAR,0,,ALINEADO,BEARISH_SQUEEZE_RISK,,,
20260720 162632,7479.74,7500.00,7470.00,ESPERAR,0,,DIVERGENTE,BEARISH_SQUEEZE_RISK,,,
20260720 162832,7479.74,7500.00,7470.00,ESPERAR,0,,DIVERGENTE,BEARISH_SQUEEZE_RISK,,,
20260720 163032,7479.92,7500.00,7470.00,ESPERAR,0,,DIVERGENTE,BEARISH_SQUEEZE_RISK,,,
20260720 163232,7480.51,7500.00,7470.00,ESPERAR,0,,DIVERGENTE,BULLISH_SQUEEZE_RISK,,,
20260720 163432,7479.74,7500.00,7470.00,ESPERAR,0,,DIVERGENTE,BULLISH_SQUEEZE_RISK,,,
20260720 163632,7479.17,7500.00,7470.00,ESPERAR,0,,DIVERGENTE,BULLISH_SQUEEZE_RISK,,,
20260720 163832,7480.51,7500.00,7470.00,ESPERAR,0,,DIVERGENTE,BULLISH_SQUEEZE_RISK,,,
20260720 164032,7480.51,7500.00,7470.00,ESPERAR,0,,DIVERGENTE,BULLISH_SQUEEZE_RISK,,,
20260720 164232,7482.05,7500.00,7470.00,ESPERAR,0,,ALINEADO,BULLISH_SQUEEZE_RISK,,,
20260720 164432,7481.61,7500.00,7470.00,ESPERAR,0,,DIVERGENTE,BULLISH_SQUEEZE_RISK,,,
20260720 164632,7482.05,7500.00,7470.00,ESPERAR,0,,ALINEADO,BULLISH_SQUEEZE_RISK,,,
20260720 164832,7480.51,7500.00,7470.00,ESPERAR,0,,DIVERGENTE,BULLISH_SQUEEZE_RISK,,,
20260720 165032,7480.83,7500.00,7470.00,ESPERAR,0,,DIVERGENTE,BULLISH_SQUEEZE_RISK,,,
20260720 165232,7481.61,7500.00,7470.00,ESPERAR,0,,DIVERGENTE,BULLISH_SQUEEZE_RISK,,,
20260720 165432,7481.61,7500.00,7470.00,ESPERAR,0,,ALINEADO,BULLISH_SQUEEZE_RISK,,,
20260720 165632,7482.05,7500.00,7470.00,ESPERAR,0,,ALINEADO,BULLISH_SQUEEZE_RISK,,,
20260720 165832,7481.61,7500.00,7470.00,ESPERAR,0,,ALINEADO,BULLISH_SQUEEZE_RISK,,,
20260720 170032,7482.05,7500.00,7470.00,ESPERAR,0,,ALINEADO,BULLISH_SQUEEZE_RISK,,,
20260720 170232,7482.05,7500.00,7470.00,ESPERAR,0,,ALINEADO,BULLISH_SQUEEZE_RISK,,,
20260720 170432,7481.61,7500.00,7470.00,SHORT,-56,,ALINEADO,BULLISH_SQUEEZE_RISK,,,
20260720 170632,7481.61,7500.00,7470.00,ESPERAR,0,,ALINEADO,BULLISH_SQUEEZE_RISK,,,
20260720 170832,7481.61,7500.00,7470.00,ESPERAR,0,,ALINEADO,BULLISH_SQUEEZE_RISK,,,
20260720 171032,7481.20,7500.00,7470.00,ESPERAR,0,,ALINEADO,BULLISH_SQUEEZE_RISK,,,
20260720 171232,7481.61,7500.00,7470.00,ESPERAR,0,,ALINEADO,BULLISH_SQUEEZE_RISK,,,
20260720 171432,7481.20,7500.00,7460.00,ESPERAR,0,,ALINEADO,BULLISH_SQUEEZE_RISK,,,
20260720 171632,7480.83,7500.00,7450.00,ESPERAR,0,,ALINEADO,BULLISH_SQUEEZE_RISK,,,
20260720 171832,7480.83,7500.00,7450.00,ESPERAR,0,,ALINEADO,BULLISH_SQUEEZE_RISK,,,
20260720 172032,7479.74,7500.00,7450.00,ESPERAR,0,,ALINEADO,BULLISH_SQUEEZE_RISK,,,
20260720 172232,7480.51,7500.00,7460.00,ESPERAR,0,,ALINEADO,BULLISH_SQUEEZE_RISK,,,
20260720 172432,7479.17,7500.00,7460.00,ESPERAR,0,,ALINEADO,BULLISH_SQUEEZE_RISK,,,
20260720 172632,7478.80,7500.00,7460.00,ESPERAR,0,,ALINEADO,BULLISH_SQUEEZE_RISK,,,
20260720 172832,7479.74,7500.00,7460.00,ESPERAR,0,,ALINEADO,BULLISH_SQUEEZE_RISK,,,
20260720 173032,7479.49,7500.00,7460.00,ESPERAR,0,,ALINEADO,BULLISH_SQUEEZE_RISK,,,
20260720 173232,7479.17,7500.00,7460.00,ESPERAR,0,,ALINEADO,BULLISH_SQUEEZE_RISK,,,
20260720 173432,7479.17,7500.00,7460.00,ESPERAR,0,,ALINEADO,BULLISH_SQUEEZE_RISK,,,
20260720 173632,7479.17,7500.00,7460.00,ESPERAR,0,,ALINEADO,BULLISH_SQUEEZE_RISK,,,
20260720 173832,7478.80,7500.00,7460.00,ESPERAR,0,,ALINEADO,BULLISH_SQUEEZE_RISK,,,
20260720 174032,7478.80,7500.00,7460.00,ESPERAR,0,,ALINEADO,BULLISH_SQUEEZE_RISK,,,
20260720 174232,7478.80,7500.00,7450.00,ESPERAR,0,,ALINEADO,BULLISH_SQUEEZE_RISK,,,
20260720 174432,7478.80,7500.00,7450.00,ESPERAR,0,,ALINEADO,BULLISH_SQUEEZE_RISK,,,
20260720 174632,7478.80,7500.00,7460.00,ESPERAR,0,,ALINEADO,BULLISH_SQUEEZE_RISK,,,
20260720 174832,7478.80,7500.00,7460.00,ESPERAR,0,,ALINEADO,BULLISH_SQUEEZE_RISK,,,
20260720 175032,7477.95,7500.00,7460.00,ESPERAR,0,,ALINEADO,BULLISH_SQUEEZE_RISK,,,
20260720 175233,7477.95,7500.00,7460.00,ESPERAR,0,,ALINEADO,BULLISH_SQUEEZE_RISK,,,
20260720 175433,7476.61,7500.00,7460.00,ESPERAR,0,,ALINEADO,BULLISH_SQUEEZE_RISK,,,
20260720 175633,7476.61,7500.00,7460.00,ESPERAR,0,,ALINEADO,BULLISH_SQUEEZE_RISK,,,
20260720 175833,7477.50,7500.00,7460.00,ESPERAR,0,,ALINEADO,BULLISH_SQUEEZE_RISK,,,
20260720 180033,7476.61,7500.00,7460.00,ESPERAR,0,,ALINEADO,BULLISH_SQUEEZE_RISK,,,
20260720 180233,7475.08,7500.00,7460.00,ESPERAR,0,,ALINEADO,BULLISH_SQUEEZE_RISK,,,
20260720 180433,7476.20,7500.00,7460.00,ESPERAR,0,,ALINEADO,BULLISH_SQUEEZE_RISK,,,
20260720 180633,7475.83,7500.00,7460.00,ESPERAR,0,,ALINEADO,BULLISH_SQUEEZE_RISK,,,
20260720 180833,7475.51,7500.00,7460.00,ESPERAR,0,,ALINEADO,BULLISH_SQUEEZE_RISK,,,
20260720 181033,7475.83,7500.00,7460.00,ESPERAR,0,,ALINEADO,BULLISH_SQUEEZE_RISK,,,
20260720 181233,7476.20,7500.00,7460.00,ESPERAR,0,,ALINEADO,BULLISH_SQUEEZE_RISK,,,
20260720 181433,7475.51,7500.00,7460.00,ESPERAR,0,,ALINEADO,BULLISH_SQUEEZE_RISK,,,
20260720 181633,7475.26,7500.00,7460.00,ESPERAR,0,,ALINEADO,BULLISH_SQUEEZE_RISK,,,
20260720 181833,7475.51,7500.00,7460.00,ESPERAR,0,,DIVERGENTE,BEARISH_SQUEEZE_RISK,,,
20260720 182033,7475.83,7500.00,7460.00,ESPERAR,0,,ALINEADO,BEARISH_SQUEEZE_RISK,,,
20260720 182233,7474.17,7486.61,7460.00,ESPERAR,0,,ALINEADO,BULLISH_SQUEEZE_RISK,,,
20260720 182433,7475.26,7485.08,7460.00,ESPERAR,0,,ALINEADO,BULLISH_SQUEEZE_RISK,,,
20260720 182633,7476.61,7488.80,7460.00,ESPERAR,0,,ALINEADO,BULLISH_SQUEEZE_RISK,,,
20260720 182833,7475.08,7485.00,7460.00,ESPERAR,0,,ALINEADO,BULLISH_SQUEEZE_RISK,,,
20260720 183033,7474.74,7485.00,7460.00,ESPERAR,0,,ALINEADO,BULLISH_SQUEEZE_RISK,,,
20260720 183233,7476.20,7484.74,7460.00,ESPERAR,0,,ALINEADO,BULLISH_SQUEEZE_RISK,,,
20260720 183433,7476.20,7485.00,7460.00,ESPERAR,0,,ALINEADO,BULLISH_SQUEEZE_RISK,,,
20260720 183633,7475.83,7480.83,7460.00,ESPERAR,0,,ALINEADO,BULLISH_SQUEEZE_RISK,,,
20260720 183833,7474.92,7480.26,7460.00,ESPERAR,0,,ALINEADO,BULLISH_SQUEEZE_RISK,,,
20260720 184033,7475.51,7480.08,7460.00,ESPERAR,0,,ALINEADO,BULLISH_SQUEEZE_RISK,,,
20260720 184233,7474.49,7480.00,7450.00,ESPERAR,0,,ALINEADO,BULLISH_SQUEEZE_RISK,,,
20260720 184433,7472.95,7475.26,7450.00,ESPERAR,0,,ALINEADO,BULLISH_SQUEEZE_RISK,,,
20260720 184633,7472.50,7479.17,7450.00,ESPERAR,0,,ALINEADO,BULLISH_SQUEEZE_RISK,,,
20260720 184833,7473.80,7485.00,7450.00,ESPERAR,0,,ALINEADO,BULLISH_SQUEEZE_RISK,,,
20260720 185033,7475.83,7490.00,7450.00,ESPERAR,0,,ALINEADO,BULLISH_SQUEEZE_RISK,,,
20260720 185233,7474.92,7480.00,7450.00,ESPERAR,0,,ALINEADO,BULLISH_SQUEEZE_RISK,,,
20260720 185433,7474.74,7500.00,7450.00,ESPERAR,0,,ALINEADO,BULLISH_SQUEEZE_RISK,,,
20260720 185633,7475.08,7480.51,7450.00,ESPERAR,0,,ALINEADO,BULLISH_SQUEEZE_RISK,,,
20260720 185833,7476.61,7500.00,7450.00,ESPERAR,0,,ALINEADO,BULLISH_SQUEEZE_RISK,,,
20260720 190033,7476.20,7480.00,7450.00,ESPERAR,0,,ALINEADO,BEARISH_SQUEEZE_RISK,,,
20260720 190233,7474.49,7480.00,7450.00,ESPERAR,0,,ALINEADO,BULLISH_SQUEEZE_RISK,,,
20260720 190433,7475.83,7480.00,7450.00,ESPERAR,0,,ALINEADO,BEARISH_SQUEEZE_RISK,,,
20260720 190633,7489.92,7500.00,7450.00,ESPERAR,0,,ALINEADO,BEARISH_SQUEEZE_RISK,,,
20260720 190833,7475.26,7480.08,7450.00,ESPERAR,0,,ALINEADO,BEARISH_SQUEEZE_RISK,,,
20260720 191033,7474.17,7500.00,7450.00,ESPERAR,0,,ALINEADO,BEARISH_SQUEEZE_RISK,,,
20260720 191233,7472.05,7475.00,7450.00,ESPERAR,0,,ALINEADO,BEARISH_SQUEEZE_RISK,,,
20260720 191433,7472.50,7480.00,7450.00,ESPERAR,0,,ALINEADO,BULLISH_SQUEEZE_RISK,,,
20260720 191633,7468.80,7489.92,7450.00,ESPERAR,0,,ALINEADO,BULLISH_SQUEEZE_RISK,,,
20260720 191833,7487.05,7490.00,7450.00,ESPERAR,0,,ALINEADO,BULLISH_SQUEEZE_RISK,,,
20260720 192033,7467.50,7470.00,7450.00,ESPERAR,0,,ALINEADO,BULLISH_SQUEEZE_RISK,,,
20260720 192233,7482.95,7500.00,7450.00,ESPERAR,0,,ALINEADO,BULLISH_SQUEEZE_RISK,,,
20260720 192433,7465.83,7470.00,7450.00,ESPERAR,0,,ALINEADO,BEARISH_SQUEEZE_RISK,,,
20260720 192633,7482.95,7485.00,7450.00,ESPERAR,0,,ALINEADO,BULLISH_SQUEEZE_RISK,,,
20260720 192833,7463.39,7465.00,7450.00,ESPERAR,0,,ALINEADO,BULLISH_SQUEEZE_RISK,,,
20260720 193033,7490.26,7495.00,7450.00,ESPERAR,0,,ALINEADO,BULLISH_SQUEEZE_RISK,,,
20260720 193233,7470.83,7475.00,7450.00,ESPERAR,0,,ALINEADO,BEARISH_SQUEEZE_RISK,,,
20260720 193433,7488.80,7495.26,7450.00,ESPERAR,0,,ALINEADO,BULLISH_SQUEEZE_RISK,,,
20260720 193633,7493.80,7500.51,7450.00,ESPERAR,0,,ALINEADO,BULLISH_SQUEEZE_RISK,,,
20260720 193833,7467.95,7470.00,7450.00,ESPERAR,0,,ALINEADO,BULLISH_SQUEEZE_RISK,,,
20260720 194033,7483.80,7500.00,7450.00,ESPERAR,0,,ALINEADO,BEARISH_SQUEEZE_RISK,,,
20260720 194233,7491.61,7500.00,7450.00,ESPERAR,0,,ALINEADO,BULLISH_SQUEEZE_RISK,,,
20260720 194433,7468.80,7475.00,7450.00,ESPERAR,0,,ALINEADO,BULLISH_SQUEEZE_RISK,,,
20260720 194633,7473.39,7485.00,7450.00,ESPERAR,0,,ALINEADO,BULLISH_SQUEEZE_RISK,,,
20260720 194833,7473.80,7475.00,7450.00,ESPERAR,0,,ALINEADO,BULLISH_SQUEEZE_RISK,,,
20260720 195033,7477.50,7485.00,7450.00,ESPERAR,0,,ALINEADO,BEARISH_SQUEEZE_RISK,,,
20260720 195233,7495.83,7500.00,7450.00,ESPERAR,0,,ALINEADO,BULLISH_SQUEEZE_RISK,,,
20260720 195433,7492.95,7500.00,7449.74,ESPERAR,0,,ALINEADO,BULLISH_SQUEEZE_RISK,,,
20260720 195633,7483.39,7485.00,7444.49,ESPERAR,0,,ALINEADO,BULLISH_SQUEEZE_RISK,,,
20260720 195833,7454.74,7455.00,7444.92,ESPERAR,0,,ALINEADO,BULLISH_SQUEEZE_RISK,,,
20260720 200033,7488.39,7490.00,7450.00,ESPERAR,0,,DIVERGENTE,BULLISH_SQUEEZE_RISK,,,
20260720 200233,7488.39,7490.00,7450.00,ESPERAR,0,,DIVERGENTE,BULLISH_SQUEEZE_RISK,,,
20260720 200433,7488.39,7490.00,7450.00,ESPERAR,0,,DIVERGENTE,BULLISH_SQUEEZE_RISK,,,
20260720 200633,7488.39,7490.00,7450.00,ESPERAR,0,,DIVERGENTE,BULLISH_SQUEEZE_RISK,,,
20260720 200833,7488.39,7490.00,7450.00,ESPERAR,0,,DIVERGENTE,BULLISH_SQUEEZE_RISK,,,
20260720 201033,7488.39,7490.00,7450.00,ESPERAR,0,,DIVERGENTE,BULLISH_SQUEEZE_RISK,,,
20260720 201233,7488.39,7490.00,7450.00,ESPERAR,0,,DIVERGENTE,BULLISH_SQUEEZE_RISK,,,
20260720 201433,7488.39,7490.00,7450.00,ESPERAR,0,,DIVERGENTE,BULLISH_SQUEEZE_RISK,,,
20260720 201633,7488.39,7490.00,7450.00,ESPERAR,0,,DIVERGENTE,BULLISH_SQUEEZE_RISK,,,
20260720 201833,7488.39,7490.00,7450.00,ESPERAR,0,,DIVERGENTE,BULLISH_SQUEEZE_RISK,,,
20260720 202033,7488.39,7490.00,7450.00,ESPERAR,0,,DIVERGENTE,BULLISH_SQUEEZE_RISK,,,
20260720 202233,7488.39,7490.00,7450.00,ESPERAR,0,,DIVERGENTE,BULLISH_SQUEEZE_RISK,,,
20260720 202433,7488.39,7490.00,7450.00,ESPERAR,0,,DIVERGENTE,BULLISH_SQUEEZE_RISK,,,
20260720 202633,7488.39,7490.00,7450.00,ESPERAR,0,,DIVERGENTE,BULLISH_SQUEEZE_RISK,,,
20260720 202833,7488.39,7490.00,7450.00,ESPERAR,0,,DIVERGENTE,BULLISH_SQUEEZE_RISK,,,
20260720 203033,7488.39,7490.00,7450.00,ESPERAR,0,,DIVERGENTE,BULLISH_SQUEEZE_RISK,,,
20260720 203233,7488.39,7490.00,7450.00,ESPERAR,0,,DIVERGENTE,BULLISH_SQUEEZE_RISK,,,
20260720 203433,7488.39,7490.00,7450.00,ESPERAR,0,,DIVERGENTE,BULLISH_SQUEEZE_RISK,,,
20260720 203633,7488.39,7490.00,7450.00,ESPERAR,0,,DIVERGENTE,BULLISH_SQUEEZE_RISK,,,
20260720 203833,7488.39,7490.00,7450.00,ESPERAR,0,,DIVERGENTE,BULLISH_SQUEEZE_RISK,,,
20260720 204033,7488.39,7490.00,7450.00,ESPERAR,0,,DIVERGENTE,BULLISH_SQUEEZE_RISK,,,
20260720 204233,7488.39,7490.00,7450.00,ESPERAR,0,,DIVERGENTE,BULLISH_SQUEEZE_RISK,,,
20260720 204433,7488.39,7490.00,7450.00,ESPERAR,0,,DIVERGENTE,BULLISH_SQUEEZE_RISK,,,
20260720 204633,7488.39,7490.00,7450.00,ESPERAR,0,,DIVERGENTE,BULLISH_SQUEEZE_RISK,,,
20260720 204833,7488.39,7490.00,7450.00,ESPERAR,0,,DIVERGENTE,BULLISH_SQUEEZE_RISK,,,
20260720 205033,7488.39,7490.00,7450.00,ESPERAR,0,,DIVERGENTE,BULLISH_SQUEEZE_RISK,,,
20260720 205233,7488.39,7490.00,7450.00,ESPERAR,0,,DIVERGENTE,BULLISH_SQUEEZE_RISK,,,
20260720 205433,7488.39,7490.00,7450.00,ESPERAR,0,,DIVERGENTE,BULLISH_SQUEEZE_RISK,,,
20260720 205633,7488.39,7490.00,7450.00,ESPERAR,0,,DIVERGENTE,BULLISH_SQUEEZE_RISK,,,
20260720 205833,7488.39,7490.00,7450.00,ESPERAR,0,,DIVERGENTE,BULLISH_SQUEEZE_RISK,,,
20260720 210033,7488.39,7490.00,7450.00,ESPERAR,0,,DIVERGENTE,BULLISH_SQUEEZE_RISK,,,
20260720 210233,7488.39,7490.00,7450.00,ESPERAR,0,,DIVERGENTE,BULLISH_SQUEEZE_RISK,,,
20260720 210433,7488.39,7490.00,7450.00,ESPERAR,0,,DIVERGENTE,BULLISH_SQUEEZE_RISK,,,
20260720 210633,7488.39,7490.00,7450.00,ESPERAR,0,,DIVERGENTE,BULLISH_SQUEEZE_RISK,,,
20260720 210833,7488.39,7490.00,7450.00,ESPERAR,0,,DIVERGENTE,BULLISH_SQUEEZE_RISK,,,
20260720 211033,7488.39,7490.00,7450.00,ESPERAR,0,,DIVERGENTE,BULLISH_SQUEEZE_RISK,,,
20260720 211233,7488.39,7490.00,7450.00,ESPERAR,0,,DIVERGENTE,BULLISH_SQUEEZE_RISK,,,
20260720 211433,7488.39,7490.00,7450.00,ESPERAR,0,,DIVERGENTE,BULLISH_SQUEEZE_RISK,,,
20260720 211633,7488.39,7490.00,7450.00,ESPERAR,0,,DIVERGENTE,BULLISH_SQUEEZE_RISK,,,
20260720 211833,7488.39,7490.00,7450.00,ESPERAR,0,,DIVERGENTE,BULLISH_SQUEEZE_RISK,,,
20260720 212033,7488.39,7490.00,7450.00,ESPERAR,0,,DIVERGENTE,BULLISH_SQUEEZE_RISK,,,
20260720 212233,7488.39,7490.00,7450.00,ESPERAR,0,,DIVERGENTE,BULLISH_SQUEEZE_RISK,,,
20260720 212433,7488.39,7490.00,7450.00,ESPERAR,0,,DIVERGENTE,BULLISH_SQUEEZE_RISK,,,
20260720 212633,7488.39,7490.00,7450.00,ESPERAR,0,,DIVERGENTE,BULLISH_SQUEEZE_RISK,,,
20260720 212833,7488.39,7490.00,7450.00,ESPERAR,0,,DIVERGENTE,BULLISH_SQUEEZE_RISK,,,
20260720 213033,7488.39,7490.00,7450.00,ESPERAR,0,,DIVERGENTE,BULLISH_SQUEEZE_RISK,,,
20260720 213233,7488.39,7490.00,7450.00,ESPERAR,0,,DIVERGENTE,BULLISH_SQUEEZE_RISK,,,
20260720 213433,7488.39,7490.00,7450.00,ESPERAR,0,,DIVERGENTE,BULLISH_SQUEEZE_RISK,,,
20260720 213633,7488.39,7490.00,7450.00,ESPERAR,0,,DIVERGENTE,BULLISH_SQUEEZE_RISK,,,
20260720 213833,7488.39,7490.00,7450.00,ESPERAR,0,,DIVERGENTE,BULLISH_SQUEEZE_RISK,,,
20260720 214033,7488.39,7490.00,7450.00,ESPERAR,0,,DIVERGENTE,BULLISH_SQUEEZE_RISK,,,
20260720 214233,7488.39,7490.00,7450.00,ESPERAR,0,,DIVERGENTE,BULLISH_SQUEEZE_RISK,,,
20260720 214433,7488.39,7490.00,7450.00,ESPERAR,0,,DIVERGENTE,BULLISH_SQUEEZE_RISK,,,
20260720 214633,7488.39,7490.00,7450.00,ESPERAR,0,,DIVERGENTE,BULLISH_SQUEEZE_RISK,,,
20260720 214833,7488.39,7490.00,7450.00,ESPERAR,0,,DIVERGENTE,BULLISH_SQUEEZE_RISK,,,
20260720 215033,7488.39,7490.00,7450.00,ESPERAR,0,,DIVERGENTE,BULLISH_SQUEEZE_RISK,,,
20260720 215233,7488.39,7490.00,7450.00,ESPERAR,0,,DIVERGENTE,BULLISH_SQUEEZE_RISK,,,
20260720 215433,7488.39,7490.00,7450.00,ESPERAR,0,,DIVERGENTE,BULLISH_SQUEEZE_RISK,,,
20260720 215633,7488.39,7490.00,7450.00,ESPERAR,0,,DIVERGENTE,BULLISH_SQUEEZE_RISK,,,
20260720 215833,7488.39,7490.00,7450.00,ESPERAR,0,,DIVERGENTE,BULLISH_SQUEEZE_RISK,,,
20260720 220033,7488.39,7490.00,7450.00,ESPERAR,0,,DIVERGENTE,BULLISH_SQUEEZE_RISK,,,
20260720 220233,7488.39,7490.00,7450.00,ESPERAR,0,,DIVERGENTE,BULLISH_SQUEEZE_RISK,,,
20260720 220433,7488.39,7490.00,7450.00,ESPERAR,0,,DIVERGENTE,BULLISH_SQUEEZE_RISK,,,
20260720 220633,7488.39,7490.00,7450.00,ESPERAR,0,,DIVERGENTE,BULLISH_SQUEEZE_RISK,,,
20260720 220833,7488.39,7490.00,7450.00,ESPERAR,0,,DIVERGENTE,BULLISH_SQUEEZE_RISK,,,
20260720 221033,7488.39,7490.00,7450.00,ESPERAR,0,,DIVERGENTE,BULLISH_SQUEEZE_RISK,,,
20260720 221233,7488.39,7490.00,7450.00,ESPERAR,0,,DIVERGENTE,BULLISH_SQUEEZE_RISK,,,
20260720 221433,7488.39,7490.00,7450.00,ESPERAR,0,,DIVERGENTE,BULLISH_SQUEEZE_RISK,,,
20260720 221634,7488.39,7490.00,7450.00,ESPERAR,0,,DIVERGENTE,BULLISH_SQUEEZE_RISK,,,
20260720 221834,7488.39,7490.00,7450.00,ESPERAR,0,,DIVERGENTE,BULLISH_SQUEEZE_RISK,,,
20260720 222034,7488.39,7490.00,7450.00,ESPERAR,0,,DIVERGENTE,BULLISH_SQUEEZE_RISK,,,
20260720 222234,7488.39,7490.00,7450.00,ESPERAR,0,,DIVERGENTE,BULLISH_SQUEEZE_RISK,,,
20260720 222434,7488.39,7490.00,7450.00,ESPERAR,0,,DIVERGENTE,BULLISH_SQUEEZE_RISK,,,
20260720 222634,7488.39,7490.00,7450.00,ESPERAR,0,,DIVERGENTE,BULLISH_SQUEEZE_RISK,,,
20260720 222834,7488.39,7490.00,7450.00,ESPERAR,0,,DIVERGENTE,BULLISH_SQUEEZE_RISK,,,
20260720 223034,7488.39,7490.00,7450.00,ESPERAR,0,,DIVERGENTE,BULLISH_SQUEEZE_RISK,,,
20260720 223234,7488.39,7490.00,7450.00,ESPERAR,0,,DIVERGENTE,BULLISH_SQUEEZE_RISK,,,
20260720 223434,7488.39,7490.00,7450.00,ESPERAR,0,,DIVERGENTE,BULLISH_SQUEEZE_RISK,,,
20260720 223634,7488.39,7490.00,7450.00,ESPERAR,0,,DIVERGENTE,BULLISH_SQUEEZE_RISK,,,
20260720 223834,7488.39,7490.00,7450.00,ESPERAR,0,,DIVERGENTE,BULLISH_SQUEEZE_RISK,,,
20260720 224034,7488.39,7490.00,7450.00,ESPERAR,0,,DIVERGENTE,BULLISH_SQUEEZE_RISK,,,
20260720 224234,7488.39,7490.00,7450.00,ESPERAR,0,,DIVERGENTE,BULLISH_SQUEEZE_RISK,,,
20260720 224434,7488.39,7490.00,7450.00,ESPERAR,0,,DIVERGENTE,BULLISH_SQUEEZE_RISK,,,
20260720 224634,7488.39,7490.00,7450.00,ESPERAR,0,,DIVERGENTE,BULLISH_SQUEEZE_RISK,,,
20260720 224834,7488.39,7490.00,7450.00,ESPERAR,0,,DIVERGENTE,BULLISH_SQUEEZE_RISK,,,
20260720 225034,7488.39,7490.00,7450.00,ESPERAR,0,,DIVERGENTE,BULLISH_SQUEEZE_RISK,,,
20260720 225234,7488.39,7490.00,7450.00,ESPERAR,0,,DIVERGENTE,BULLISH_SQUEEZE_RISK,,,
20260720 225434,7488.39,7490.00,7450.00,ESPERAR,0,,DIVERGENTE,BULLISH_SQUEEZE_RISK,,,
20260720 225634,7488.39,7490.00,7450.00,ESPERAR,0,,DIVERGENTE,BULLISH_SQUEEZE_RISK,,,
20260720 225834,7488.39,7490.00,7450.00,ESPERAR,0,,DIVERGENTE,BULLISH_SQUEEZE_RISK,,,
20260720 230034,7488.39,7490.00,7450.00,ESPERAR,0,,DIVERGENTE,BULLISH_SQUEEZE_RISK,,,
20260720 230234,7488.39,7490.00,7450.00,ESPERAR,0,,DIVERGENTE,BULLISH_SQUEEZE_RISK,,,
20260720 230434,7488.39,7490.00,7450.00,ESPERAR,0,,DIVERGENTE,BULLISH_SQUEEZE_RISK,,,
20260720 230634,7488.39,7490.00,7450.00,ESPERAR,0,,DIVERGENTE,BULLISH_SQUEEZE_RISK,,,
20260720 230834,7488.39,7490.00,7450.00,ESPERAR,0,,DIVERGENTE,BULLISH_SQUEEZE_RISK,,,
20260720 231034,7488.39,7490.00,7450.00,ESPERAR,0,,DIVERGENTE,BULLISH_SQUEEZE_RISK,,,
20260720 231234,7488.39,7490.00,7450.00,ESPERAR,0,,DIVERGENTE,BULLISH_SQUEEZE_RISK,,,
20260720 231434,7488.39,7490.00,7450.00,ESPERAR,0,,DIVERGENTE,BULLISH_SQUEEZE_RISK,,,
20260720 231634,7488.39,7490.00,7450.00,ESPERAR,0,,DIVERGENTE,BULLISH_SQUEEZE_RISK,,,
20260720 231834,7488.39,7490.00,7450.00,ESPERAR,0,,DIVERGENTE,BULLISH_SQUEEZE_RISK,,,
20260720 232034,7488.39,7490.00,7450.00,ESPERAR,0,,DIVERGENTE,BULLISH_SQUEEZE_RISK,,,
20260720 232234,7488.39,7490.00,7450.00,ESPERAR,0,,DIVERGENTE,BULLISH_SQUEEZE_RISK,,,
20260720 232434,7488.39,7490.00,7450.00,ESPERAR,0,,DIVERGENTE,BULLISH_SQUEEZE_RISK,,,
20260720 232634,7488.39,7490.00,7450.00,ESPERAR,0,,DIVERGENTE,BULLISH_SQUEEZE_RISK,,,
20260720 232834,7488.39,7490.00,7450.00,ESPERAR,0,,DIVERGENTE,BULLISH_SQUEEZE_RISK,,,
20260720 233034,7488.39,7490.00,7450.00,ESPERAR,0,,DIVERGENTE,BULLISH_SQUEEZE_RISK,,,
20260720 233234,7488.39,7490.00,7450.00,ESPERAR,0,,DIVERGENTE,BULLISH_SQUEEZE_RISK,,,
20260720 233434,7488.39,7490.00,7450.00,ESPERAR,0,,DIVERGENTE,BULLISH_SQUEEZE_RISK,,,
20260720 233634,7488.39,7490.00,7450.00,ESPERAR,0,,DIVERGENTE,BULLISH_SQUEEZE_RISK,,,
20260720 233834,7488.39,7490.00,7450.00,ESPERAR,0,,DIVERGENTE,BULLISH_SQUEEZE_RISK,,,
20260720 234034,7488.39,7490.00,7450.00,ESPERAR,0,,DIVERGENTE,BULLISH_SQUEEZE_RISK,,,
20260720 234234,7488.39,7490.00,7450.00,ESPERAR,0,,DIVERGENTE,BULLISH_SQUEEZE_RISK,,,
20260720 234434,7488.39,7490.00,7450.00,ESPERAR,0,,DIVERGENTE,BULLISH_SQUEEZE_RISK,,,
20260720 234634,7488.39,7490.00,7450.00,ESPERAR,0,,DIVERGENTE,BULLISH_SQUEEZE_RISK,,,
20260720 234834,7488.39,7490.00,7450.00,ESPERAR,0,,DIVERGENTE,BULLISH_SQUEEZE_RISK,,,
20260720 235034,7488.39,7490.00,7450.00,ESPERAR,0,,DIVERGENTE,BULLISH_SQUEEZE_RISK,,,
20260720 235234,7488.39,7490.00,7450.00,ESPERAR,0,,DIVERGENTE,BULLISH_SQUEEZE_RISK,,,
20260720 235434,7488.39,7490.00,7450.00,ESPERAR,0,,DIVERGENTE,BULLISH_SQUEEZE_RISK,,,
20260720 235634,7488.39,7490.00,7450.00,ESPERAR,0,,DIVERGENTE,BULLISH_SQUEEZE_RISK,,,
20260720 235834,7488.39,7490.00,7450.00,ESPERAR,0,,DIVERGENTE,BULLISH_SQUEEZE_RISK,,,
20260721 000034,7488.39,7490.00,7450.00,ESPERAR,0,,DIVERGENTE,BULLISH_SQUEEZE_RISK,,,
20260721 000234,7488.39,7490.00,7450.00,ESPERAR,0,,DIVERGENTE,BULLISH_SQUEEZE_RISK,,,
20260721 000434,7488.39,7490.00,7450.00,ESPERAR,0,,DIVERGENTE,BULLISH_SQUEEZE_RISK,,,
20260721 000634,7488.39,7490.00,7450.00,ESPERAR,0,,DIVERGENTE,BULLISH_SQUEEZE_RISK,,,
20260721 000834,7488.39,7490.00,7450.00,ESPERAR,0,,DIVERGENTE,BULLISH_SQUEEZE_RISK,,,
20260721 001034,7488.39,7490.00,7450.00,ESPERAR,0,,DIVERGENTE,BULLISH_SQUEEZE_RISK,,,
20260721 001234,7488.39,7490.00,7450.00,ESPERAR,0,,DIVERGENTE,BULLISH_SQUEEZE_RISK,,,
20260721 001434,7488.39,7490.00,7450.00,ESPERAR,0,,DIVERGENTE,BULLISH_SQUEEZE_RISK,,,
20260721 001634,7488.39,7490.00,7450.00,ESPERAR,0,,DIVERGENTE,BULLISH_SQUEEZE_RISK,,,
20260721 001834,7488.39,7490.00,7450.00,ESPERAR,0,,DIVERGENTE,BULLISH_SQUEEZE_RISK,,,
20260721 002034,7488.39,7490.00,7450.00,ESPERAR,0,,DIVERGENTE,BULLISH_SQUEEZE_RISK,,,
20260721 002234,7488.39,7490.00,7450.00,ESPERAR,0,,DIVERGENTE,BULLISH_SQUEEZE_RISK,,,
20260721 002434,7488.39,7490.00,7450.00,ESPERAR,0,,DIVERGENTE,BULLISH_SQUEEZE_RISK,,,
20260721 002634,7488.39,7490.00,7450.00,ESPERAR,0,,DIVERGENTE,BULLISH_SQUEEZE_RISK,,,
20260721 002834,7488.39,7490.00,7450.00,ESPERAR,0,,DIVERGENTE,BULLISH_SQUEEZE_RISK,,,
20260721 003034,7488.39,7490.00,7450.00,ESPERAR,0,,DIVERGENTE,BULLISH_SQUEEZE_RISK,,,
20260721 003234,7488.39,7490.00,7450.00,ESPERAR,0,,DIVERGENTE,BULLISH_SQUEEZE_RISK,,,
20260721 003434,7488.39,7490.00,7450.00,ESPERAR,0,,DIVERGENTE,BULLISH_SQUEEZE_RISK,,,
20260721 003634,7488.39,7490.00,7450.00,ESPERAR,0,,DIVERGENTE,BULLISH_SQUEEZE_RISK,,,
20260721 003834,7488.39,7490.00,7450.00,ESPERAR,0,,DIVERGENTE,BULLISH_SQUEEZE_RISK,,,
20260721 004034,7488.39,7490.00,7450.00,ESPERAR,0,,DIVERGENTE,BULLISH_SQUEEZE_RISK,,,
20260721 004234,7488.39,7490.00,7450.00,ESPERAR,0,,DIVERGENTE,BULLISH_SQUEEZE_RISK,,,
20260721 004434,7488.39,7490.00,7450.00,ESPERAR,0,,DIVERGENTE,BULLISH_SQUEEZE_RISK,,,
20260721 004634,7488.39,7490.00,7450.00,ESPERAR,0,,DIVERGENTE,BULLISH_SQUEEZE_RISK,,,
20260721 004834,7488.39,7490.00,7450.00,ESPERAR,0,,DIVERGENTE,BULLISH_SQUEEZE_RISK,,,
20260721 005034,7488.39,7490.00,7450.00,ESPERAR,0,,DIVERGENTE,BULLISH_SQUEEZE_RISK,,,
20260721 005234,7488.39,7490.00,7450.00,ESPERAR,0,,DIVERGENTE,BULLISH_SQUEEZE_RISK,,,
20260721 005434,7488.39,7490.00,7450.00,ESPERAR,0,,DIVERGENTE,BULLISH_SQUEEZE_RISK,,,
20260721 005634,7488.39,7490.00,7450.00,ESPERAR,0,,DIVERGENTE,BULLISH_SQUEEZE_RISK,,,
20260721 005834,7488.39,7490.00,7450.00,ESPERAR,0,,DIVERGENTE,BULLISH_SQUEEZE_RISK,,,
20260721 010034,7488.39,7490.00,7450.00,ESPERAR,0,,DIVERGENTE,BULLISH_SQUEEZE_RISK,,,
20260721 010234,7488.39,7490.00,7450.00,ESPERAR,0,,DIVERGENTE,BULLISH_SQUEEZE_RISK,,,
20260721 010434,7488.39,7490.00,7450.00,ESPERAR,0,,DIVERGENTE,BULLISH_SQUEEZE_RISK,,,
20260721 010634,7488.39,7490.00,7450.00,ESPERAR,0,,DIVERGENTE,BULLISH_SQUEEZE_RISK,,,
20260721 010834,7488.39,7490.00,7450.00,ESPERAR,0,,DIVERGENTE,BULLISH_SQUEEZE_RISK,,,
20260721 011034,7488.39,7490.00,7450.00,ESPERAR,0,,DIVERGENTE,BULLISH_SQUEEZE_RISK,,,
20260721 011234,7488.39,7490.00,7450.00,ESPERAR,0,,DIVERGENTE,BULLISH_SQUEEZE_RISK,,,
20260721 011434,7488.39,7490.00,7450.00,ESPERAR,0,,DIVERGENTE,BULLISH_SQUEEZE_RISK,,,
20260721 011634,7488.39,7490.00,7450.00,ESPERAR,0,,DIVERGENTE,BULLISH_SQUEEZE_RISK,,,
20260721 011834,7488.39,7490.00,7450.00,ESPERAR,0,,DIVERGENTE,BULLISH_SQUEEZE_RISK,,,
20260721 012034,7488.39,7490.00,7450.00,ESPERAR,0,,DIVERGENTE,BULLISH_SQUEEZE_RISK,,,
20260721 012234,7488.39,7490.00,7450.00,ESPERAR,0,,DIVERGENTE,BULLISH_SQUEEZE_RISK,,,
20260721 012434,7488.39,7490.00,7450.00,ESPERAR,0,,DIVERGENTE,BULLISH_SQUEEZE_RISK,,,
20260721 012634,7488.39,7490.00,7450.00,ESPERAR,0,,DIVERGENTE,BULLISH_SQUEEZE_RISK,,,
20260721 012834,7488.39,7490.00,7450.00,ESPERAR,0,,DIVERGENTE,BULLISH_SQUEEZE_RISK,,,
20260721 013034,7488.39,7490.00,7450.00,ESPERAR,0,,DIVERGENTE,BULLISH_SQUEEZE_RISK,,,
20260721 013234,7488.39,7490.00,7450.00,ESPERAR,0,,DIVERGENTE,BULLISH_SQUEEZE_RISK,,,
20260721 013434,7488.39,7490.00,7450.00,ESPERAR,0,,DIVERGENTE,BULLISH_SQUEEZE_RISK,,,
20260721 013634,7488.39,7490.00,7450.00,ESPERAR,0,,DIVERGENTE,BULLISH_SQUEEZE_RISK,,,
20260721 013834,7488.39,7490.00,7450.00,ESPERAR,0,,DIVERGENTE,BULLISH_SQUEEZE_RISK,,,
20260721 014034,7488.39,7490.00,7450.00,ESPERAR,0,,DIVERGENTE,BULLISH_SQUEEZE_RISK,,,
20260721 014234,7488.39,7490.00,7450.00,ESPERAR,0,,DIVERGENTE,BULLISH_SQUEEZE_RISK,,,
20260721 014434,7488.39,7490.00,7450.00,ESPERAR,0,,DIVERGENTE,BULLISH_SQUEEZE_RISK,,,
20260721 014634,7488.39,7490.00,7450.00,ESPERAR,0,,DIVERGENTE,BULLISH_SQUEEZE_RISK,,,
20260721 014834,7488.39,7490.00,7450.00,ESPERAR,0,,DIVERGENTE,BULLISH_SQUEEZE_RISK,,,
20260721 015034,7488.39,7490.00,7450.00,ESPERAR,0,,DIVERGENTE,BULLISH_SQUEEZE_RISK,,,
20260721 015234,7488.39,7490.00,7450.00,ESPERAR,0,,DIVERGENTE,BULLISH_SQUEEZE_RISK,,,
20260721 015434,7488.39,7490.00,7450.00,ESPERAR,0,,DIVERGENTE,BULLISH_SQUEEZE_RISK,,,
20260721 015634,7488.39,7490.00,7450.00,ESPERAR,0,,DIVERGENTE,BULLISH_SQUEEZE_RISK,,,
20260721 015834,7488.39,7490.00,7450.00,ESPERAR,0,,DIVERGENTE,BULLISH_SQUEEZE_RISK,,,
20260721 020034,7488.39,7490.00,7450.00,ESPERAR,0,,DIVERGENTE,BULLISH_SQUEEZE_RISK,,,
20260721 020234,7488.39,7490.00,7450.00,ESPERAR,0,,DIVERGENTE,BULLISH_SQUEEZE_RISK,,,
20260721 020434,7488.39,7490.00,7450.00,ESPERAR,0,,DIVERGENTE,BULLISH_SQUEEZE_RISK,,,
20260721 020634,7488.39,7490.00,7450.00,ESPERAR,0,,DIVERGENTE,BULLISH_SQUEEZE_RISK,,,
20260721 020834,7488.39,7490.00,7450.00,ESPERAR,0,,DIVERGENTE,BULLISH_SQUEEZE_RISK,,,
20260721 021034,7488.39,7490.00,7450.00,ESPERAR,0,,DIVERGENTE,BULLISH_SQUEEZE_RISK,,,
20260721 021234,7488.39,7490.00,7450.00,ESPERAR,0,,DIVERGENTE,BULLISH_SQUEEZE_RISK,,,
20260721 021434,7488.39,7490.00,7450.00,ESPERAR,0,,DIVERGENTE,BULLISH_SQUEEZE_RISK,,,
20260721 021634,7488.39,7490.00,7450.00,ESPERAR,0,,DIVERGENTE,BULLISH_SQUEEZE_RISK,,,
20260721 021834,7488.39,7490.00,7450.00,ESPERAR,0,,DIVERGENTE,BULLISH_SQUEEZE_RISK,,,
20260721 022034,7488.39,7490.00,7450.00,ESPERAR,0,,DIVERGENTE,BULLISH_SQUEEZE_RISK,,,
20260721 022234,7488.39,7490.00,7450.00,ESPERAR,0,,DIVERGENTE,BULLISH_SQUEEZE_RISK,,,
20260721 022435,7488.39,7490.00,7450.00,ESPERAR,0,,DIVERGENTE,BULLISH_SQUEEZE_RISK,,,
20260721 022635,7488.39,7490.00,7450.00,ESPERAR,0,,DIVERGENTE,BULLISH_SQUEEZE_RISK,,,
20260721 022835,7488.39,7490.00,7450.00,ESPERAR,0,,DIVERGENTE,BULLISH_SQUEEZE_RISK,,,
20260721 023035,7488.39,7490.00,7450.00,ESPERAR,0,,DIVERGENTE,BULLISH_SQUEEZE_RISK,,,
20260721 023235,7488.39,7490.00,7450.00,ESPERAR,0,,DIVERGENTE,BULLISH_SQUEEZE_RISK,,,
20260721 023435,7488.39,7490.00,7450.00,ESPERAR,0,,DIVERGENTE,BULLISH_SQUEEZE_RISK,,,
20260721 023635,7488.39,7490.00,7450.00,ESPERAR,0,,DIVERGENTE,BULLISH_SQUEEZE_RISK,,,
20260721 023835,7488.39,7490.00,7450.00,ESPERAR,0,,DIVERGENTE,BULLISH_SQUEEZE_RISK,,,
20260721 024035,7488.39,7490.00,7450.00,ESPERAR,0,,DIVERGENTE,BULLISH_SQUEEZE_RISK,,,
20260721 024235,7488.39,7490.00,7450.00,ESPERAR,0,,DIVERGENTE,BULLISH_SQUEEZE_RISK,,,
20260721 024435,7488.39,7490.00,7450.00,ESPERAR,0,,DIVERGENTE,BULLISH_SQUEEZE_RISK,,,
20260721 024635,7488.39,7490.00,7450.00,ESPERAR,0,,DIVERGENTE,BULLISH_SQUEEZE_RISK,,,
20260721 024835,7488.39,7490.00,7450.00,ESPERAR,0,,DIVERGENTE,BULLISH_SQUEEZE_RISK,,,
20260721 025035,7488.39,7490.00,7450.00,ESPERAR,0,,DIVERGENTE,BULLISH_SQUEEZE_RISK,,,
20260721 025235,7488.39,7490.00,7450.00,ESPERAR,0,,DIVERGENTE,BULLISH_SQUEEZE_RISK,,,
20260721 025435,7488.39,7490.00,7450.00,ESPERAR,0,,DIVERGENTE,BULLISH_SQUEEZE_RISK,,,
20260721 025635,7488.39,7490.00,7450.00,ESPERAR,0,,DIVERGENTE,BULLISH_SQUEEZE_RISK,,,
20260721 025835,7488.39,7490.00,7450.00,ESPERAR,0,,DIVERGENTE,BULLISH_SQUEEZE_RISK,,,
20260721 030035,7488.39,7490.00,7450.00,ESPERAR,0,,DIVERGENTE,BULLISH_SQUEEZE_RISK,,,
20260721 030235,7488.39,7490.00,7450.00,ESPERAR,0,,DIVERGENTE,BULLISH_SQUEEZE_RISK,,,
20260721 030435,7488.39,7490.00,7450.00,ESPERAR,0,,DIVERGENTE,BULLISH_SQUEEZE_RISK,,,
20260721 030635,7488.39,7490.00,7450.00,ESPERAR,0,,DIVERGENTE,BULLISH_SQUEEZE_RISK,,,
20260721 030835,7488.39,7490.00,7450.00,ESPERAR,0,,DIVERGENTE,BULLISH_SQUEEZE_RISK,,,
20260721 031035,7488.39,7490.00,7450.00,ESPERAR,0,,DIVERGENTE,BULLISH_SQUEEZE_RISK,,,
20260721 031235,7488.39,7490.00,7450.00,ESPERAR,0,,DIVERGENTE,BULLISH_SQUEEZE_RISK,,,
20260721 031435,7488.39,7490.00,7450.00,ESPERAR,0,,DIVERGENTE,BULLISH_SQUEEZE_RISK,,,
20260721 031635,7488.39,7490.00,7450.00,ESPERAR,0,,DIVERGENTE,BULLISH_SQUEEZE_RISK,,,
20260721 031835,7488.39,7490.00,7450.00,ESPERAR,0,,DIVERGENTE,BULLISH_SQUEEZE_RISK,,,
20260721 032035,7488.39,7490.00,7450.00,ESPERAR,0,,DIVERGENTE,BULLISH_SQUEEZE_RISK,,,
20260721 032235,7488.39,7490.00,7450.00,ESPERAR,0,,DIVERGENTE,BULLISH_SQUEEZE_RISK,,,
20260721 032435,7488.39,7490.00,7450.00,ESPERAR,0,,DIVERGENTE,BULLISH_SQUEEZE_RISK,,,
20260721 032635,7488.39,7490.00,7450.00,ESPERAR,0,,DIVERGENTE,BULLISH_SQUEEZE_RISK,,,
20260721 032835,7488.39,7490.00,7450.00,ESPERAR,0,,DIVERGENTE,BULLISH_SQUEEZE_RISK,,,
20260721 033035,7488.39,7490.00,7450.00,ESPERAR,0,,DIVERGENTE,BULLISH_SQUEEZE_RISK,,,
20260721 033235,7488.39,7490.00,7450.00,ESPERAR,0,,DIVERGENTE,BULLISH_SQUEEZE_RISK,,,
20260721 033435,7488.39,7490.00,7450.00,ESPERAR,0,,DIVERGENTE,BULLISH_SQUEEZE_RISK,,,
20260721 033635,7488.39,7490.00,7450.00,ESPERAR,0,,DIVERGENTE,BULLISH_SQUEEZE_RISK,,,
20260721 033835,7488.39,7490.00,7450.00,ESPERAR,0,,DIVERGENTE,BULLISH_SQUEEZE_RISK,,,
20260721 034035,7488.39,7490.00,7450.00,ESPERAR,0,,DIVERGENTE,BULLISH_SQUEEZE_RISK,,,
20260721 034235,7488.39,7490.00,7450.00,ESPERAR,0,,DIVERGENTE,BULLISH_SQUEEZE_RISK,,,
20260721 034435,7488.39,7490.00,7450.00,ESPERAR,0,,DIVERGENTE,BULLISH_SQUEEZE_RISK,,,
20260721 034635,7488.39,7490.00,7450.00,ESPERAR,0,,DIVERGENTE,BULLISH_SQUEEZE_RISK,,,
20260721 034835,7488.39,7490.00,7450.00,ESPERAR,0,,DIVERGENTE,BULLISH_SQUEEZE_RISK,,,
20260721 035035,7488.39,7490.00,7450.00,ESPERAR,0,,DIVERGENTE,BULLISH_SQUEEZE_RISK,,,
20260721 035235,7488.39,7490.00,7450.00,ESPERAR,0,,DIVERGENTE,BULLISH_SQUEEZE_RISK,,,
20260721 035435,7488.39,7490.00,7450.00,ESPERAR,0,,DIVERGENTE,BULLISH_SQUEEZE_RISK,,,
20260721 035635,7488.39,7490.00,7450.00,ESPERAR,0,,DIVERGENTE,BULLISH_SQUEEZE_RISK,,,
20260721 035835,7488.39,7490.00,7450.00,ESPERAR,0,,DIVERGENTE,BULLISH_SQUEEZE_RISK,,,
20260721 040035,7488.39,7490.00,7450.00,ESPERAR,0,,DIVERGENTE,BULLISH_SQUEEZE_RISK,,,
20260721 040235,7488.39,7490.00,7450.00,ESPERAR,0,,DIVERGENTE,BULLISH_SQUEEZE_RISK,,,
20260721 040435,7488.39,7490.00,7450.00,ESPERAR,0,,DIVERGENTE,BULLISH_SQUEEZE_RISK,,,
20260721 040635,7488.39,7490.00,7450.00,ESPERAR,0,,DIVERGENTE,BULLISH_SQUEEZE_RISK,,,
20260721 040835,7488.39,7490.00,7450.00,ESPERAR,0,,DIVERGENTE,BULLISH_SQUEEZE_RISK,,,
20260721 041035,7488.39,7490.00,7450.00,ESPERAR,0,,DIVERGENTE,BULLISH_SQUEEZE_RISK,,,
20260721 041235,7488.39,7490.00,7450.00,ESPERAR,0,,DIVERGENTE,BULLISH_SQUEEZE_RISK,,,
20260721 041435,7488.39,7490.00,7450.00,ESPERAR,0,,DIVERGENTE,BULLISH_SQUEEZE_RISK,,,
20260721 041635,7488.39,7490.00,7450.00,ESPERAR,0,,DIVERGENTE,BULLISH_SQUEEZE_RISK,,,
20260721 041835,7488.39,7490.00,7450.00,ESPERAR,0,,DIVERGENTE,BULLISH_SQUEEZE_RISK,,,
20260721 042035,7488.39,7490.00,7450.00,ESPERAR,0,,DIVERGENTE,BULLISH_SQUEEZE_RISK,,,
20260721 042235,7488.39,7490.00,7450.00,ESPERAR,0,,DIVERGENTE,BULLISH_SQUEEZE_RISK,,,
20260721 042435,7488.39,7490.00,7450.00,ESPERAR,0,,DIVERGENTE,BULLISH_SQUEEZE_RISK,,,
20260721 042635,7488.39,7490.00,7450.00,ESPERAR,0,,DIVERGENTE,BULLISH_SQUEEZE_RISK,,,
20260721 042835,7488.39,7490.00,7450.00,ESPERAR,0,,DIVERGENTE,BULLISH_SQUEEZE_RISK,,,
20260721 043035,7488.39,7490.00,7450.00,ESPERAR,0,,DIVERGENTE,BULLISH_SQUEEZE_RISK,,,
20260721 043235,7488.39,7490.00,7450.00,ESPERAR,0,,DIVERGENTE,BULLISH_SQUEEZE_RISK,,,
20260721 043435,7488.39,7490.00,7450.00,ESPERAR,0,,DIVERGENTE,BULLISH_SQUEEZE_RISK,,,
20260721 043635,7488.39,7490.00,7450.00,ESPERAR,0,,DIVERGENTE,BULLISH_SQUEEZE_RISK,,,
20260721 043835,7488.39,7490.00,7450.00,ESPERAR,0,,DIVERGENTE,BULLISH_SQUEEZE_RISK,,,
20260721 044035,7488.39,7490.00,7450.00,ESPERAR,0,,DIVERGENTE,BULLISH_SQUEEZE_RISK,,,
20260721 044235,7488.39,7490.00,7450.00,ESPERAR,0,,DIVERGENTE,BULLISH_SQUEEZE_RISK,,,
20260721 044435,7488.39,7490.00,7450.00,ESPERAR,0,,DIVERGENTE,BULLISH_SQUEEZE_RISK,,,
20260721 044635,7488.39,7490.00,7450.00,ESPERAR,0,,DIVERGENTE,BULLISH_SQUEEZE_RISK,,,
20260721 044835,7488.39,7490.00,7450.00,ESPERAR,0,,DIVERGENTE,BULLISH_SQUEEZE_RISK,,,
20260721 045035,7488.39,7490.00,7450.00,ESPERAR,0,,DIVERGENTE,BULLISH_SQUEEZE_RISK,,,
20260721 045235,7488.39,7490.00,7450.00,ESPERAR,0,,DIVERGENTE,BULLISH_SQUEEZE_RISK,,,
20260721 045435,7488.39,7490.00,7450.00,ESPERAR,0,,DIVERGENTE,BULLISH_SQUEEZE_RISK,,,
20260721 045635,7488.39,7490.00,7450.00,ESPERAR,0,,DIVERGENTE,BULLISH_SQUEEZE_RISK,,,
20260721 045835,7488.39,7490.00,7450.00,ESPERAR,0,,DIVERGENTE,BULLISH_SQUEEZE_RISK,,,
20260721 050035,7488.39,7490.00,7450.00,ESPERAR,0,,DIVERGENTE,BULLISH_SQUEEZE_RISK,,,
20260721 050235,7488.39,7490.00,7450.00,ESPERAR,0,,DIVERGENTE,BULLISH_SQUEEZE_RISK,,,
20260721 050435,7488.39,7490.00,7450.00,ESPERAR,0,,DIVERGENTE,BULLISH_SQUEEZE_RISK,,,
20260721 050635,7488.39,7490.00,7450.00,ESPERAR,0,,DIVERGENTE,BULLISH_SQUEEZE_RISK,,,
20260721 050835,7488.39,7490.00,7450.00,ESPERAR,0,,DIVERGENTE,BULLISH_SQUEEZE_RISK,,,
20260721 051035,7488.39,7490.00,7450.00,ESPERAR,0,,DIVERGENTE,BULLISH_SQUEEZE_RISK,,,
20260721 051235,7488.39,7490.00,7450.00,ESPERAR,0,,DIVERGENTE,BULLISH_SQUEEZE_RISK,,,
20260721 051435,7488.39,7490.00,7450.00,ESPERAR,0,,DIVERGENTE,BULLISH_SQUEEZE_RISK,,,
20260721 051635,7488.39,7490.00,7450.00,ESPERAR,0,,DIVERGENTE,BULLISH_SQUEEZE_RISK,,,
20260721 051835,7488.39,7490.00,7450.00,ESPERAR,0,,DIVERGENTE,BULLISH_SQUEEZE_RISK,,,
20260721 052035,7488.39,7490.00,7450.00,ESPERAR,0,,DIVERGENTE,BULLISH_SQUEEZE_RISK,,,
20260721 052235,7488.39,7490.00,7450.00,ESPERAR,0,,DIVERGENTE,BULLISH_SQUEEZE_RISK,,,
20260721 052435,7488.39,7490.00,7450.00,ESPERAR,0,,DIVERGENTE,BULLISH_SQUEEZE_RISK,,,
20260721 052635,7488.39,7490.00,7450.00,ESPERAR,0,,DIVERGENTE,BULLISH_SQUEEZE_RISK,,,
20260721 052835,7488.39,7490.00,7450.00,ESPERAR,0,,DIVERGENTE,BULLISH_SQUEEZE_RISK,,,
20260721 053035,7488.39,7490.00,7450.00,ESPERAR,0,,DIVERGENTE,BULLISH_SQUEEZE_RISK,,,
20260721 053235,7488.39,7490.00,7450.00,ESPERAR,0,,DIVERGENTE,BULLISH_SQUEEZE_RISK,,,
20260721 053435,7488.39,7490.00,7450.00,ESPERAR,0,,DIVERGENTE,BULLISH_SQUEEZE_RISK,,,
20260721 053635,7488.39,7490.00,7450.00,ESPERAR,0,,DIVERGENTE,BULLISH_SQUEEZE_RISK,,,
20260721 053835,7488.39,7490.00,7450.00,ESPERAR,0,,DIVERGENTE,BULLISH_SQUEEZE_RISK,,,
20260721 054035,7488.39,7490.00,7450.00,ESPERAR,0,,DIVERGENTE,BULLISH_SQUEEZE_RISK,,,
20260721 054235,7488.39,7490.00,7450.00,ESPERAR,0,,DIVERGENTE,BULLISH_SQUEEZE_RISK,,,
20260721 054435,7488.39,7490.00,7450.00,ESPERAR,0,,DIVERGENTE,BULLISH_SQUEEZE_RISK,,,
20260721 054635,7488.39,7490.00,7450.00,ESPERAR,0,,DIVERGENTE,BULLISH_SQUEEZE_RISK,,,
20260721 054835,7488.39,7490.00,7450.00,ESPERAR,0,,DIVERGENTE,BULLISH_SQUEEZE_RISK,,,
20260721 055035,7488.39,7490.00,7450.00,ESPERAR,0,,DIVERGENTE,BULLISH_SQUEEZE_RISK,,,
20260721 055235,7488.39,7490.00,7450.00,ESPERAR,0,,DIVERGENTE,BULLISH_SQUEEZE_RISK,,,
20260721 055435,7488.39,7490.00,7450.00,ESPERAR,0,,DIVERGENTE,BULLISH_SQUEEZE_RISK,,,
20260721 055635,7488.39,7490.00,7450.00,ESPERAR,0,,DIVERGENTE,BULLISH_SQUEEZE_RISK,,,
20260721 055835,7488.39,7490.00,7450.00,ESPERAR,0,,DIVERGENTE,BULLISH_SQUEEZE_RISK,,,
20260721 060035,7488.39,7490.00,7450.00,ESPERAR,0,,DIVERGENTE,BULLISH_SQUEEZE_RISK,,,
20260721 060235,7488.39,7490.00,7450.00,ESPERAR,0,,DIVERGENTE,BULLISH_SQUEEZE_RISK,,,
20260721 060435,7488.39,7490.00,7450.00,ESPERAR,0,,DIVERGENTE,BULLISH_SQUEEZE_RISK,,,
20260721 060635,7488.39,7490.00,7450.00,ESPERAR,0,,DIVERGENTE,BULLISH_SQUEEZE_RISK,,,
20260721 060835,7488.39,7490.00,7450.00,ESPERAR,0,,DIVERGENTE,BULLISH_SQUEEZE_RISK,,,
20260721 061035,7488.39,7490.00,7450.00,ESPERAR,0,,DIVERGENTE,BULLISH_SQUEEZE_RISK,,,
20260721 061235,7488.39,7490.00,7450.00,ESPERAR,0,,DIVERGENTE,BULLISH_SQUEEZE_RISK,,,
20260721 061435,7488.39,7490.00,7450.00,ESPERAR,0,,DIVERGENTE,BULLISH_SQUEEZE_RISK,,,
20260721 061635,7488.39,7490.00,7450.00,ESPERAR,0,,DIVERGENTE,BULLISH_SQUEEZE_RISK,,,
20260721 061835,7488.39,7490.00,7450.00,ESPERAR,0,,DIVERGENTE,BULLISH_SQUEEZE_RISK,,,
20260721 062035,7488.39,7490.00,7450.00,ESPERAR,0,,DIVERGENTE,BULLISH_SQUEEZE_RISK,,,
20260721 062235,7488.39,7490.00,7450.00,ESPERAR,0,,DIVERGENTE,BULLISH_SQUEEZE_RISK,,,
20260721 062435,7488.39,7490.00,7450.00,ESPERAR,0,,DIVERGENTE,BULLISH_SQUEEZE_RISK,,,
20260721 062635,7488.39,7490.00,7450.00,ESPERAR,0,,DIVERGENTE,BULLISH_SQUEEZE_RISK,,,
20260721 062835,7488.39,7490.00,7450.00,ESPERAR,0,,DIVERGENTE,BULLISH_SQUEEZE_RISK,,,
20260721 063035,7488.39,7490.00,7450.00,ESPERAR,0,,DIVERGENTE,BULLISH_SQUEEZE_RISK,,,
20260721 063235,7488.39,7490.00,7450.00,ESPERAR,0,,DIVERGENTE,BULLISH_SQUEEZE_RISK,,,
20260721 063435,7488.39,7490.00,7450.00,ESPERAR,0,,DIVERGENTE,BULLISH_SQUEEZE_RISK,,,
20260721 063635,7488.39,7490.00,7450.00,ESPERAR,0,,DIVERGENTE,BULLISH_SQUEEZE_RISK,,,
20260721 063835,7488.39,7490.00,7450.00,ESPERAR,0,,DIVERGENTE,BULLISH_SQUEEZE_RISK,,,
20260721 064035,7488.39,7490.00,7450.00,ESPERAR,0,,DIVERGENTE,BULLISH_SQUEEZE_RISK,,,
20260721 064235,7488.39,7490.00,7450.00,ESPERAR,0,,DIVERGENTE,BULLISH_SQUEEZE_RISK,,,
20260721 064436,7488.39,7490.00,7450.00,ESPERAR,0,,DIVERGENTE,BULLISH_SQUEEZE_RISK,,,
20260721 064636,7488.39,7490.00,7450.00,ESPERAR,0,,DIVERGENTE,BULLISH_SQUEEZE_RISK,,,
20260721 064836,7488.39,7490.00,7450.00,ESPERAR,0,,DIVERGENTE,BULLISH_SQUEEZE_RISK,,,
20260721 065036,7488.39,7490.00,7450.00,ESPERAR,0,,DIVERGENTE,BULLISH_SQUEEZE_RISK,,,
20260721 065236,7488.39,7490.00,7450.00,ESPERAR,0,,DIVERGENTE,BULLISH_SQUEEZE_RISK,,,
20260721 065436,7488.39,7490.00,7450.00,ESPERAR,0,,DIVERGENTE,BULLISH_SQUEEZE_RISK,,,
20260721 065636,7488.39,7490.00,7450.00,ESPERAR,0,,DIVERGENTE,BULLISH_SQUEEZE_RISK,,,
