##,GEXFLOW_SPY,zero_gamma,call_wall,put_wall,signal,signal_prob,vix,regime,dex_bias,daily_sigma,fat_tail_up,fat_tail_dn
20260721 064035,7488.39,7490.00,7450.00,ESPERAR,0,,DIVERGENTE,BULLISH_SQUEEZE_RISK,,,
20260721 064235,7488.39,7490.00,7450.00,ESPERAR,0,,DIVERGENTE,BULLISH_SQUEEZE_RISK,,,
20260721 064436,7488.39,7490.00,7450.00,ESPERAR,0,,DIVERGENTE,BULLISH_SQUEEZE_RISK,,,
20260721 064636,7488.39,7490.00,7450.00,ESPERAR,0,,DIVERGENTE,BULLISH_SQUEEZE_RISK,,,
20260721 064836,7488.39,7490.00,7450.00,ESPERAR,0,,DIVERGENTE,BULLISH_SQUEEZE_RISK,,,
20260721 065036,7488.39,7490.00,7450.00,ESPERAR,0,,DIVERGENTE,BULLISH_SQUEEZE_RISK,,,
20260721 065236,7488.39,7490.00,7450.00,ESPERAR,0,,DIVERGENTE,BULLISH_SQUEEZE_RISK,,,
20260721 065436,7488.39,7490.00,7450.00,ESPERAR,0,,DIVERGENTE,BULLISH_SQUEEZE_RISK,,,
20260721 065636,7488.39,7490.00,7450.00,ESPERAR,0,,DIVERGENTE,BULLISH_SQUEEZE_RISK,,,
20260721 065836,7488.39,7490.00,7450.00,ESPERAR,0,,DIVERGENTE,BULLISH_SQUEEZE_RISK,,,
20260721 070036,7488.39,7490.00,7450.00,ESPERAR,0,,DIVERGENTE,BULLISH_SQUEEZE_RISK,,,
20260721 070236,7488.39,7490.00,7450.00,ESPERAR,0,,DIVERGENTE,BULLISH_SQUEEZE_RISK,,,
20260721 070436,7488.39,7490.00,7450.00,ESPERAR,0,,DIVERGENTE,BULLISH_SQUEEZE_RISK,,,
20260721 070636,7488.39,7490.00,7450.00,ESPERAR,0,,DIVERGENTE,BULLISH_SQUEEZE_RISK,,,
20260721 070836,7488.39,7490.00,7450.00,ESPERAR,0,,DIVERGENTE,BULLISH_SQUEEZE_RISK,,,
20260721 071036,7488.39,7490.00,7450.00,ESPERAR,0,,DIVERGENTE,BULLISH_SQUEEZE_RISK,,,
20260721 071236,7488.39,7490.00,7450.00,ESPERAR,0,,DIVERGENTE,BULLISH_SQUEEZE_RISK,,,
20260721 071436,7488.39,7490.00,7450.00,ESPERAR,0,,DIVERGENTE,BULLISH_SQUEEZE_RISK,,,
20260721 071636,7488.39,7490.00,7450.00,ESPERAR,0,,DIVERGENTE,BULLISH_SQUEEZE_RISK,,,
20260721 071836,7488.39,7490.00,7450.00,ESPERAR,0,,DIVERGENTE,BULLISH_SQUEEZE_RISK,,,
20260721 072036,7488.39,7490.00,7450.00,ESPERAR,0,,DIVERGENTE,BULLISH_SQUEEZE_RISK,,,
20260721 072236,7488.39,7490.00,7450.00,ESPERAR,0,,DIVERGENTE,BULLISH_SQUEEZE_RISK,,,
20260721 072436,7488.39,7490.00,7450.00,ESPERAR,0,,DIVERGENTE,BULLISH_SQUEEZE_RISK,,,
20260721 072636,7488.39,7490.00,7450.00,ESPERAR,0,,DIVERGENTE,BULLISH_SQUEEZE_RISK,,,
20260721 072836,7488.39,7490.00,7450.00,ESPERAR,0,,DIVERGENTE,BULLISH_SQUEEZE_RISK,,,
20260721 073036,7488.39,7490.00,7450.00,ESPERAR,0,,DIVERGENTE,BULLISH_SQUEEZE_RISK,,,
20260721 073236,7488.39,7490.00,7450.00,ESPERAR,0,,DIVERGENTE,BULLISH_SQUEEZE_RISK,,,
20260721 073436,7488.39,7490.00,7450.00,ESPERAR,0,,DIVERGENTE,BULLISH_SQUEEZE_RISK,,,
20260721 073636,7488.39,7490.00,7450.00,ESPERAR,0,,DIVERGENTE,BULLISH_SQUEEZE_RISK,,,
20260721 073836,7488.39,7490.00,7450.00,ESPERAR,0,,DIVERGENTE,BULLISH_SQUEEZE_RISK,,,
20260721 074036,7488.39,7490.00,7450.00,ESPERAR,0,,DIVERGENTE,BULLISH_SQUEEZE_RISK,,,
20260721 074236,7488.39,7490.00,7450.00,ESPERAR,0,,DIVERGENTE,BULLISH_SQUEEZE_RISK,,,
20260721 074436,7488.39,7490.00,7450.00,ESPERAR,0,,DIVERGENTE,BULLISH_SQUEEZE_RISK,,,
20260721 074636,7488.39,7490.00,7450.00,ESPERAR,0,,DIVERGENTE,BULLISH_SQUEEZE_RISK,,,
20260721 074836,7488.39,7490.00,7450.00,ESPERAR,0,,DIVERGENTE,BULLISH_SQUEEZE_RISK,,,
20260721 075036,7488.39,7490.00,7450.00,ESPERAR,0,,DIVERGENTE,BULLISH_SQUEEZE_RISK,,,
20260721 075236,7488.39,7490.00,7450.00,ESPERAR,0,,DIVERGENTE,BULLISH_SQUEEZE_RISK,,,
20260721 075436,7488.39,7490.00,7450.00,ESPERAR,0,,DIVERGENTE,BULLISH_SQUEEZE_RISK,,,
20260721 075636,7488.39,7490.00,7450.00,ESPERAR,0,,DIVERGENTE,BULLISH_SQUEEZE_RISK,,,
20260721 075836,7488.39,7490.00,7450.00,ESPERAR,0,,DIVERGENTE,BULLISH_SQUEEZE_RISK,,,
20260721 080036,7488.39,7490.00,7450.00,ESPERAR,0,,DIVERGENTE,BULLISH_SQUEEZE_RISK,,,
20260721 080236,7488.39,7490.00,7450.00,ESPERAR,0,,DIVERGENTE,BULLISH_SQUEEZE_RISK,,,
20260721 080436,7488.39,7490.00,7450.00,ESPERAR,0,,DIVERGENTE,BULLISH_SQUEEZE_RISK,,,
20260721 080636,7488.39,7490.00,7450.00,ESPERAR,0,,DIVERGENTE,BULLISH_SQUEEZE_RISK,,,
20260721 080836,7488.39,7490.00,7450.00,ESPERAR,0,,DIVERGENTE,BULLISH_SQUEEZE_RISK,,,
20260721 081036,7488.39,7490.00,7450.00,ESPERAR,0,,DIVERGENTE,BULLISH_SQUEEZE_RISK,,,
20260721 081236,7488.39,7490.00,7450.00,ESPERAR,0,,DIVERGENTE,BULLISH_SQUEEZE_RISK,,,
20260721 081436,7488.39,7490.00,7450.00,ESPERAR,0,,DIVERGENTE,BULLISH_SQUEEZE_RISK,,,
20260721 081636,7488.39,7490.00,7450.00,ESPERAR,0,,DIVERGENTE,BULLISH_SQUEEZE_RISK,,,
20260721 081836,7488.39,7490.00,7450.00,ESPERAR,0,,DIVERGENTE,BULLISH_SQUEEZE_RISK,,,
20260721 082036,7488.39,7490.00,7450.00,ESPERAR,0,,DIVERGENTE,BULLISH_SQUEEZE_RISK,,,
20260721 082236,7488.39,7490.00,7450.00,ESPERAR,0,,DIVERGENTE,BULLISH_SQUEEZE_RISK,,,
20260721 082436,7488.39,7490.00,7450.00,ESPERAR,0,,DIVERGENTE,BULLISH_SQUEEZE_RISK,,,
20260721 082636,7488.39,7490.00,7450.00,ESPERAR,0,,DIVERGENTE,BULLISH_SQUEEZE_RISK,,,
20260721 082836,7488.39,7490.00,7450.00,ESPERAR,0,,DIVERGENTE,BULLISH_SQUEEZE_RISK,,,
20260721 083036,7488.39,7490.00,7450.00,ESPERAR,0,,DIVERGENTE,BULLISH_SQUEEZE_RISK,,,
20260721 083236,7488.39,7490.00,7450.00,ESPERAR,0,,DIVERGENTE,BULLISH_SQUEEZE_RISK,,,
20260721 083436,7488.39,7490.00,7450.00,ESPERAR,0,,DIVERGENTE,BULLISH_SQUEEZE_RISK,,,
20260721 083636,7488.39,7490.00,7450.00,ESPERAR,0,,DIVERGENTE,BULLISH_SQUEEZE_RISK,,,
20260721 083836,7488.39,7490.00,7450.00,ESPERAR,0,,DIVERGENTE,BULLISH_SQUEEZE_RISK,,,
20260721 084036,7488.39,7490.00,7450.00,ESPERAR,0,,DIVERGENTE,BULLISH_SQUEEZE_RISK,,,
20260721 084236,7488.39,7490.00,7450.00,ESPERAR,0,,DIVERGENTE,BULLISH_SQUEEZE_RISK,,,
20260721 084436,7488.39,7490.00,7450.00,ESPERAR,0,,DIVERGENTE,BULLISH_SQUEEZE_RISK,,,
20260721 084636,7488.39,7490.00,7450.00,ESPERAR,0,,DIVERGENTE,BULLISH_SQUEEZE_RISK,,,
20260721 084836,7488.39,7490.00,7450.00,ESPERAR,0,,DIVERGENTE,BULLISH_SQUEEZE_RISK,,,
20260721 085036,7488.39,7490.00,7450.00,ESPERAR,0,,DIVERGENTE,BULLISH_SQUEEZE_RISK,,,
20260721 085236,7488.39,7490.00,7450.00,ESPERAR,0,,DIVERGENTE,BULLISH_SQUEEZE_RISK,,,
20260721 085436,7488.39,7490.00,7450.00,ESPERAR,0,,DIVERGENTE,BULLISH_SQUEEZE_RISK,,,
20260721 085636,7488.39,7490.00,7450.00,ESPERAR,0,,DIVERGENTE,BULLISH_SQUEEZE_RISK,,,
20260721 085836,7488.39,7490.00,7450.00,ESPERAR,0,,DIVERGENTE,BULLISH_SQUEEZE_RISK,,,
20260721 090036,7488.39,7490.00,7450.00,ESPERAR,0,,DIVERGENTE,BULLISH_SQUEEZE_RISK,,,
20260721 090236,7488.39,7490.00,7450.00,ESPERAR,0,,DIVERGENTE,BULLISH_SQUEEZE_RISK,,,
20260721 090436,7488.39,7490.00,7450.00,ESPERAR,0,,DIVERGENTE,BULLISH_SQUEEZE_RISK,,,
20260721 090636,7488.39,7490.00,7450.00,ESPERAR,0,,DIVERGENTE,BULLISH_SQUEEZE_RISK,,,
20260721 090836,7488.39,7490.00,7450.00,ESPERAR,0,,DIVERGENTE,BULLISH_SQUEEZE_RISK,,,
20260721 091036,7488.39,7490.00,7450.00,ESPERAR,0,,DIVERGENTE,BULLISH_SQUEEZE_RISK,,,
20260721 091236,7488.39,7490.00,7450.00,ESPERAR,0,,DIVERGENTE,BULLISH_SQUEEZE_RISK,,,
20260721 091436,7488.39,7490.00,7450.00,ESPERAR,0,,DIVERGENTE,BULLISH_SQUEEZE_RISK,,,
20260721 091636,7488.39,7490.00,7450.00,ESPERAR,0,,DIVERGENTE,BULLISH_SQUEEZE_RISK,,,
20260721 091836,7488.39,7490.00,7450.00,ESPERAR,0,,DIVERGENTE,BULLISH_SQUEEZE_RISK,,,
20260721 092036,7488.39,7490.00,7450.00,ESPERAR,0,,DIVERGENTE,BULLISH_SQUEEZE_RISK,,,
20260721 092236,7488.39,7490.00,7450.00,ESPERAR,0,,DIVERGENTE,BULLISH_SQUEEZE_RISK,,,
20260721 092436,7488.39,7490.00,7450.00,ESPERAR,0,,DIVERGENTE,BULLISH_SQUEEZE_RISK,,,
20260721 092636,7488.39,7490.00,7450.00,ESPERAR,0,,DIVERGENTE,BULLISH_SQUEEZE_RISK,,,
20260721 092836,7488.39,7490.00,7450.00,ESPERAR,0,,DIVERGENTE,BULLISH_SQUEEZE_RISK,,,
20260721 093036,7488.39,7490.00,7450.00,ESPERAR,0,,DIVERGENTE,BULLISH_SQUEEZE_RISK,,,
20260721 093236,7488.39,7490.00,7450.00,ESPERAR,0,,DIVERGENTE,BULLISH_SQUEEZE_RISK,,,
20260721 093436,7488.39,7490.00,7450.00,ESPERAR,0,,DIVERGENTE,BULLISH_SQUEEZE_RISK,,,
20260721 093636,7488.39,7490.00,7450.00,ESPERAR,0,,DIVERGENTE,BULLISH_SQUEEZE_RISK,,,
20260721 093836,7488.39,7490.00,7450.00,ESPERAR,0,,DIVERGENTE,BULLISH_SQUEEZE_RISK,,,
20260721 094036,7488.39,7490.00,7450.00,ESPERAR,0,,DIVERGENTE,BULLISH_SQUEEZE_RISK,,,
20260721 094236,7488.39,7490.00,7450.00,ESPERAR,0,,DIVERGENTE,BULLISH_SQUEEZE_RISK,,,
20260721 094436,7488.39,7490.00,7450.00,ESPERAR,0,,DIVERGENTE,BULLISH_SQUEEZE_RISK,,,
20260721 094636,7488.39,7490.00,7450.00,ESPERAR,0,,DIVERGENTE,BULLISH_SQUEEZE_RISK,,,
20260721 094836,7488.39,7490.00,7450.00,ESPERAR,0,,DIVERGENTE,BULLISH_SQUEEZE_RISK,,,
20260721 095036,7488.39,7490.00,7450.00,ESPERAR,0,,DIVERGENTE,BULLISH_SQUEEZE_RISK,,,
20260721 095236,7488.39,7490.00,7450.00,ESPERAR,0,,DIVERGENTE,BULLISH_SQUEEZE_RISK,,,
20260721 095436,7488.39,7490.00,7450.00,ESPERAR,0,,DIVERGENTE,BULLISH_SQUEEZE_RISK,,,
20260721 095636,7488.39,7490.00,7450.00,ESPERAR,0,,DIVERGENTE,BULLISH_SQUEEZE_RISK,,,
20260721 095836,7488.39,7490.00,7450.00,ESPERAR,0,,DIVERGENTE,BULLISH_SQUEEZE_RISK,,,
20260721 100036,7488.39,7490.00,7450.00,ESPERAR,0,,DIVERGENTE,BULLISH_SQUEEZE_RISK,,,
20260721 100236,7488.39,7490.00,7450.00,ESPERAR,0,,DIVERGENTE,BULLISH_SQUEEZE_RISK,,,
20260721 100436,7488.39,7490.00,7450.00,ESPERAR,0,,DIVERGENTE,BULLISH_SQUEEZE_RISK,,,
20260721 100636,7488.39,7490.00,7450.00,ESPERAR,0,,DIVERGENTE,BULLISH_SQUEEZE_RISK,,,
20260721 100836,7488.39,7490.00,7450.00,ESPERAR,0,,DIVERGENTE,BULLISH_SQUEEZE_RISK,,,
20260721 101036,7488.39,7490.00,7450.00,ESPERAR,0,,DIVERGENTE,BULLISH_SQUEEZE_RISK,,,
20260721 101236,7488.39,7490.00,7450.00,ESPERAR,0,,DIVERGENTE,BULLISH_SQUEEZE_RISK,,,
20260721 101436,7488.39,7490.00,7450.00,ESPERAR,0,,DIVERGENTE,BULLISH_SQUEEZE_RISK,,,
20260721 101636,7488.39,7490.00,7450.00,ESPERAR,0,,DIVERGENTE,BULLISH_SQUEEZE_RISK,,,
20260721 101836,7488.39,7490.00,7450.00,ESPERAR,0,,DIVERGENTE,BULLISH_SQUEEZE_RISK,,,
20260721 102036,7488.39,7490.00,7450.00,ESPERAR,0,,DIVERGENTE,BULLISH_SQUEEZE_RISK,,,
20260721 102236,7488.39,7490.00,7450.00,ESPERAR,0,,DIVERGENTE,BULLISH_SQUEEZE_RISK,,,
20260721 102436,7488.39,7490.00,7450.00,ESPERAR,0,,DIVERGENTE,BULLISH_SQUEEZE_RISK,,,
20260721 102636,7488.39,7490.00,7450.00,ESPERAR,0,,DIVERGENTE,BULLISH_SQUEEZE_RISK,,,
20260721 102836,7488.39,7490.00,7450.00,ESPERAR,0,,DIVERGENTE,BULLISH_SQUEEZE_RISK,,,
20260721 103036,7488.39,7490.00,7450.00,ESPERAR,0,,DIVERGENTE,BULLISH_SQUEEZE_RISK,,,
20260721 103236,7488.39,7490.00,7450.00,ESPERAR,0,,DIVERGENTE,BULLISH_SQUEEZE_RISK,,,
20260721 103436,7488.39,7490.00,7450.00,ESPERAR,0,,DIVERGENTE,BULLISH_SQUEEZE_RISK,,,
20260721 103636,7488.39,7490.00,7450.00,ESPERAR,0,,DIVERGENTE,BULLISH_SQUEEZE_RISK,,,
20260721 103836,7488.39,7490.00,7450.00,ESPERAR,0,,DIVERGENTE,BULLISH_SQUEEZE_RISK,,,
20260721 104036,7488.39,7490.00,7450.00,ESPERAR,0,,DIVERGENTE,BULLISH_SQUEEZE_RISK,,,
20260721 104236,7488.39,7490.00,7450.00,ESPERAR,0,,DIVERGENTE,BULLISH_SQUEEZE_RISK,,,
20260721 104436,7488.39,7490.00,7450.00,ESPERAR,0,,DIVERGENTE,BULLISH_SQUEEZE_RISK,,,
20260721 104636,7488.39,7490.00,7450.00,ESPERAR,0,,DIVERGENTE,BULLISH_SQUEEZE_RISK,,,
20260721 104836,7488.39,7490.00,7450.00,ESPERAR,0,,DIVERGENTE,BULLISH_SQUEEZE_RISK,,,
20260721 105036,7488.39,7490.00,7450.00,ESPERAR,0,,DIVERGENTE,BULLISH_SQUEEZE_RISK,,,
20260721 105236,7488.39,7490.00,7450.00,ESPERAR,0,,DIVERGENTE,BULLISH_SQUEEZE_RISK,,,
20260721 105436,7488.39,7490.00,7450.00,ESPERAR,0,,DIVERGENTE,BULLISH_SQUEEZE_RISK,,,
20260721 105636,7488.39,7490.00,7450.00,ESPERAR,0,,DIVERGENTE,BULLISH_SQUEEZE_RISK,,,
20260721 105836,7488.39,7490.00,7450.00,ESPERAR,0,,DIVERGENTE,BULLISH_SQUEEZE_RISK,,,
20260721 110036,7488.39,7490.00,7450.00,ESPERAR,0,,DIVERGENTE,BULLISH_SQUEEZE_RISK,,,
20260721 110236,7488.39,7490.00,7450.00,ESPERAR,0,,DIVERGENTE,BULLISH_SQUEEZE_RISK,,,
20260721 110436,7488.39,7490.00,7450.00,ESPERAR,0,,DIVERGENTE,BULLISH_SQUEEZE_RISK,,,
20260721 110636,7488.39,7490.00,7450.00,ESPERAR,0,,DIVERGENTE,BULLISH_SQUEEZE_RISK,,,
20260721 110836,7488.39,7490.00,7450.00,ESPERAR,0,,DIVERGENTE,BULLISH_SQUEEZE_RISK,,,
20260721 111036,7488.39,7490.00,7450.00,ESPERAR,0,,DIVERGENTE,BULLISH_SQUEEZE_RISK,,,
20260721 111236,7488.39,7490.00,7450.00,ESPERAR,0,,DIVERGENTE,BULLISH_SQUEEZE_RISK,,,
20260721 111436,7488.39,7490.00,7450.00,ESPERAR,0,,DIVERGENTE,BULLISH_SQUEEZE_RISK,,,
20260721 111636,7488.39,7490.00,7450.00,ESPERAR,0,,DIVERGENTE,BULLISH_SQUEEZE_RISK,,,
20260721 111837,7488.39,7490.00,7450.00,ESPERAR,0,,DIVERGENTE,BULLISH_SQUEEZE_RISK,,,
20260721 112037,7488.39,7490.00,7450.00,ESPERAR,0,,DIVERGENTE,BULLISH_SQUEEZE_RISK,,,
20260721 112237,7488.39,7490.00,7450.00,ESPERAR,0,,DIVERGENTE,BULLISH_SQUEEZE_RISK,,,
20260721 112437,7488.39,7490.00,7450.00,ESPERAR,0,,DIVERGENTE,BULLISH_SQUEEZE_RISK,,,
20260721 112637,7488.39,7490.00,7450.00,ESPERAR,0,,DIVERGENTE,BULLISH_SQUEEZE_RISK,,,
20260721 112837,7488.39,7490.00,7450.00,ESPERAR,0,,DIVERGENTE,BULLISH_SQUEEZE_RISK,,,
20260721 113037,7488.39,7490.00,7450.00,ESPERAR,0,,DIVERGENTE,BULLISH_SQUEEZE_RISK,,,
20260721 113237,7488.39,7490.00,7450.00,ESPERAR,0,,DIVERGENTE,BULLISH_SQUEEZE_RISK,,,
20260721 113437,7488.39,7490.00,7450.00,ESPERAR,0,,DIVERGENTE,BULLISH_SQUEEZE_RISK,,,
20260721 113637,7488.39,7490.00,7450.00,ESPERAR,0,,DIVERGENTE,BULLISH_SQUEEZE_RISK,,,
20260721 113837,7488.39,7490.00,7450.00,ESPERAR,0,,DIVERGENTE,BULLISH_SQUEEZE_RISK,,,
20260721 114037,7488.39,7490.00,7450.00,ESPERAR,0,,DIVERGENTE,BULLISH_SQUEEZE_RISK,,,
20260721 114237,7488.39,7490.00,7450.00,ESPERAR,0,,DIVERGENTE,BULLISH_SQUEEZE_RISK,,,
20260721 114437,7488.39,7490.00,7450.00,ESPERAR,0,,DIVERGENTE,BULLISH_SQUEEZE_RISK,,,
20260721 114637,7488.39,7490.00,7450.00,ESPERAR,0,,DIVERGENTE,BULLISH_SQUEEZE_RISK,,,
20260721 114837,7488.39,7490.00,7450.00,ESPERAR,0,,DIVERGENTE,BULLISH_SQUEEZE_RISK,,,
20260721 115037,7488.39,7490.00,7450.00,ESPERAR,0,,DIVERGENTE,BULLISH_SQUEEZE_RISK,,,
20260721 115237,7488.39,7490.00,7450.00,ESPERAR,0,,DIVERGENTE,BULLISH_SQUEEZE_RISK,,,
20260721 115437,7488.39,7490.00,7450.00,ESPERAR,0,,DIVERGENTE,BULLISH_SQUEEZE_RISK,,,
20260721 115637,7488.39,7490.00,7450.00,ESPERAR,0,,DIVERGENTE,BULLISH_SQUEEZE_RISK,,,
20260721 115837,7488.39,7490.00,7450.00,ESPERAR,0,,DIVERGENTE,BULLISH_SQUEEZE_RISK,,,
20260721 120037,7488.39,7490.00,7450.00,ESPERAR,0,,DIVERGENTE,BULLISH_SQUEEZE_RISK,,,
20260721 120237,7488.39,7490.00,7450.00,ESPERAR,0,,DIVERGENTE,BULLISH_SQUEEZE_RISK,,,
20260721 120437,7488.39,7490.00,7450.00,ESPERAR,0,,DIVERGENTE,BULLISH_SQUEEZE_RISK,,,
20260721 120637,7488.39,7490.00,7450.00,ESPERAR,0,,DIVERGENTE,BULLISH_SQUEEZE_RISK,,,
20260721 120837,7488.39,7490.00,7450.00,ESPERAR,0,,DIVERGENTE,BULLISH_SQUEEZE_RISK,,,
20260721 121037,7488.39,7490.00,7450.00,ESPERAR,0,,DIVERGENTE,BULLISH_SQUEEZE_RISK,,,
20260721 121237,7488.39,7490.00,7450.00,ESPERAR,0,,DIVERGENTE,BULLISH_SQUEEZE_RISK,,,
20260721 121437,7488.39,7490.00,7450.00,ESPERAR,0,,DIVERGENTE,BULLISH_SQUEEZE_RISK,,,
20260721 121637,7488.39,7490.00,7450.00,ESPERAR,0,,DIVERGENTE,BULLISH_SQUEEZE_RISK,,,
20260721 121837,7488.39,7490.00,7450.00,ESPERAR,0,,DIVERGENTE,BULLISH_SQUEEZE_RISK,,,
20260721 122037,7488.39,7490.00,7450.00,ESPERAR,0,,DIVERGENTE,BULLISH_SQUEEZE_RISK,,,
20260721 122237,7488.39,7490.00,7450.00,ESPERAR,0,,DIVERGENTE,BULLISH_SQUEEZE_RISK,,,
20260721 122437,7488.39,7490.00,7450.00,ESPERAR,0,,DIVERGENTE,BULLISH_SQUEEZE_RISK,,,
20260721 122637,7488.39,7490.00,7450.00,ESPERAR,0,,DIVERGENTE,BULLISH_SQUEEZE_RISK,,,
20260721 122837,7488.39,7490.00,7450.00,ESPERAR,0,,DIVERGENTE,BULLISH_SQUEEZE_RISK,,,
20260721 123037,7488.39,7490.00,7450.00,ESPERAR,0,,DIVERGENTE,BULLISH_SQUEEZE_RISK,,,
20260721 123237,7488.39,7490.00,7450.00,ESPERAR,0,,DIVERGENTE,BULLISH_SQUEEZE_RISK,,,
20260721 123437,7488.39,7490.00,7450.00,ESPERAR,0,,DIVERGENTE,BULLISH_SQUEEZE_RISK,,,
20260721 123637,7488.39,7490.00,7450.00,ESPERAR,0,,DIVERGENTE,BULLISH_SQUEEZE_RISK,,,
20260721 123837,7488.39,7490.00,7450.00,ESPERAR,0,,DIVERGENTE,BULLISH_SQUEEZE_RISK,,,
20260721 124037,7488.39,7490.00,7450.00,ESPERAR,0,,DIVERGENTE,BULLISH_SQUEEZE_RISK,,,
20260721 124237,7488.39,7490.00,7450.00,ESPERAR,0,,DIVERGENTE,BULLISH_SQUEEZE_RISK,,,
20260721 124437,7488.39,7490.00,7450.00,ESPERAR,0,,DIVERGENTE,BULLISH_SQUEEZE_RISK,,,
20260721 124637,0.00,0.00,0.00,ESPERAR,0,,DIVERGENTE,BULLISH_SQUEEZE_RISK,,,
20260721 124837,0.00,0.00,0.00,ESPERAR,0,,DIVERGENTE,BULLISH_SQUEEZE_RISK,,,
20260721 125037,0.00,0.00,0.00,ESPERAR,0,,DIVERGENTE,BULLISH_SQUEEZE_RISK,,,
20260721 125237,0.00,0.00,0.00,ESPERAR,0,,DIVERGENTE,BULLISH_SQUEEZE_RISK,,,
20260721 125437,0.00,0.00,0.00,ESPERAR,0,,DIVERGENTE,BULLISH_SQUEEZE_RISK,,,
20260721 125637,0.00,0.00,0.00,ESPERAR,0,,DIVERGENTE,BULLISH_SQUEEZE_RISK,,,
20260721 125837,0.00,0.00,0.00,ESPERAR,0,,DIVERGENTE,BULLISH_SQUEEZE_RISK,,,
20260721 130037,0.00,0.00,0.00,ESPERAR,0,,DIVERGENTE,BULLISH_SQUEEZE_RISK,,,
20260721 130237,0.00,0.00,0.00,ESPERAR,0,,DIVERGENTE,BULLISH_SQUEEZE_RISK,,,
20260721 130437,0.00,0.00,0.00,ESPERAR,0,,DIVERGENTE,BULLISH_SQUEEZE_RISK,,,
20260721 130637,0.00,0.00,0.00,ESPERAR,0,,DIVERGENTE,BULLISH_SQUEEZE_RISK,,,
20260721 130837,0.00,0.00,0.00,ESPERAR,0,,DIVERGENTE,BULLISH_SQUEEZE_RISK,,,
20260721 131037,0.00,0.00,0.00,ESPERAR,0,,DIVERGENTE,BULLISH_SQUEEZE_RISK,,,
20260721 131237,0.00,0.00,0.00,ESPERAR,0,,DIVERGENTE,BULLISH_SQUEEZE_RISK,,,
20260721 131437,0.00,0.00,0.00,ESPERAR,0,,DIVERGENTE,BULLISH_SQUEEZE_RISK,,,
20260721 131637,0.00,0.00,0.00,ESPERAR,0,,DIVERGENTE,BULLISH_SQUEEZE_RISK,,,
20260721 131837,0.00,0.00,0.00,ESPERAR,0,,DIVERGENTE,BULLISH_SQUEEZE_RISK,,,
20260721 132037,0.00,0.00,0.00,ESPERAR,0,,DIVERGENTE,BULLISH_SQUEEZE_RISK,,,
20260721 132237,0.00,0.00,0.00,ESPERAR,0,,DIVERGENTE,BULLISH_SQUEEZE_RISK,,,
20260721 132437,0.00,0.00,0.00,ESPERAR,0,,DIVERGENTE,BULLISH_SQUEEZE_RISK,,,
20260721 132637,0.00,0.00,0.00,ESPERAR,0,,DIVERGENTE,BULLISH_SQUEEZE_RISK,,,
20260721 132837,0.00,0.00,0.00,ESPERAR,0,,DIVERGENTE,BULLISH_SQUEEZE_RISK,,,
20260721 133037,0.00,0.00,0.00,ESPERAR,0,,DIVERGENTE,BULLISH_SQUEEZE_RISK,,,
20260721 133237,7479.17,7500.00,7440.00,ESPERAR,0,,ALINEADO,BEARISH_SQUEEZE_RISK,,,
20260721 133437,7478.80,7500.00,7450.00,ESPERAR,0,,DIVERGENTE,BEARISH_SQUEEZE_RISK,,,
20260721 133637,7477.05,7500.00,7450.00,ESPERAR,0,,ALINEADO,BEARISH_SQUEEZE_RISK,,,
20260721 133837,7477.50,7500.00,7450.00,ESPERAR,0,,ALINEADO,BEARISH_SQUEEZE_RISK,,,
20260721 134037,7477.50,7500.00,7450.00,ESPERAR,0,,ALINEADO,BEARISH_SQUEEZE_RISK,,,
20260721 134237,7479.74,7500.00,7450.00,ESPERAR,0,,ALINEADO,BEARISH_SQUEEZE_RISK,,,
20260721 134437,7478.39,7500.00,7450.00,ESPERAR,0,,ALINEADO,BEARISH_SQUEEZE_RISK,,,
20260721 134637,7478.80,7500.00,7450.00,ESPERAR,0,,DIVERGENTE,BEARISH_SQUEEZE_RISK,,,
20260721 134837,7478.39,7500.00,7450.00,ESPERAR,0,,DIVERGENTE,BEARISH_SQUEEZE_RISK,,,
20260721 135037,7477.50,7500.00,7450.00,ESPERAR,0,,ALINEADO,BEARISH_SQUEEZE_RISK,,,
20260721 135237,7474.74,7500.00,7450.00,ESPERAR,0,,DIVERGENTE,BEARISH_SQUEEZE_RISK,,,
20260721 135437,7474.92,7500.00,7450.00,ESPERAR,0,,ALINEADO,BEARISH_SQUEEZE_RISK,,,
20260721 135637,7474.74,7500.00,7450.00,ESPERAR,0,,ALINEADO,BEARISH_SQUEEZE_RISK,,,
20260721 135837,7474.74,7500.00,7450.00,ESPERAR,0,,ALINEADO,BEARISH_SQUEEZE_RISK,,,
20260721 140037,7474.49,7500.00,7450.00,ESPERAR,0,,ALINEADO,BEARISH_SQUEEZE_RISK,,,
20260721 140237,7474.74,7500.00,7450.00,ESPERAR,0,,ALINEADO,BEARISH_SQUEEZE_RISK,,,
20260721 140437,7475.83,7500.00,7450.00,ESPERAR,0,,ALINEADO,BEARISH_SQUEEZE_RISK,,,
20260721 140637,7475.51,7500.00,7450.00,ESPERAR,0,,ALINEADO,BEARISH_SQUEEZE_RISK,,,
20260721 140837,7475.26,7500.00,7450.00,ESPERAR,0,,ALINEADO,BEARISH_SQUEEZE_RISK,,,
20260721 141037,7475.83,7500.00,7450.00,ESPERAR,0,,ALINEADO,BULLISH_SQUEEZE_RISK,,,
20260721 141237,7476.20,7500.00,7450.00,ESPERAR,0,,ALINEADO,BEARISH_SQUEEZE_RISK,,,
20260721 141437,7476.61,7500.00,7450.00,ESPERAR,0,,ALINEADO,BULLISH_SQUEEZE_RISK,,,
20260721 141637,7477.50,7500.00,7450.00,ESPERAR,0,,DIVERGENTE,BEARISH_SQUEEZE_RISK,,,
20260721 141837,7477.50,7500.00,7450.00,ESPERAR,0,,ALINEADO,BEARISH_SQUEEZE_RISK,,,
20260721 142037,7476.61,7500.00,7450.00,ESPERAR,0,,ALINEADO,BEARISH_SQUEEZE_RISK,,,
20260721 142237,7477.05,7500.00,7450.00,ESPERAR,0,,ALINEADO,BULLISH_SQUEEZE_RISK,,,
20260721 142437,7477.05,7500.00,7450.00,ESPERAR,0,,ALINEADO,BULLISH_SQUEEZE_RISK,,,
20260721 142637,7476.61,7500.00,7450.00,ESPERAR,0,,ALINEADO,BEARISH_SQUEEZE_RISK,,,
20260721 142837,7477.50,7500.00,7470.00,ESPERAR,0,,ALINEADO,BEARISH_SQUEEZE_RISK,,,
20260721 143037,7477.05,7500.00,7450.00,ESPERAR,0,,ALINEADO,BEARISH_SQUEEZE_RISK,,,
20260721 143237,7477.50,7500.00,7470.00,ESPERAR,0,,ALINEADO,BEARISH_SQUEEZE_RISK,,,
20260721 143437,7477.05,7500.00,7450.00,ESPERAR,0,,ALINEADO,BEARISH_SQUEEZE_RISK,,,
20260721 143637,7477.50,7500.00,7450.00,ESPERAR,0,,ALINEADO,BEARISH_SQUEEZE_RISK,,,
20260721 143837,7477.95,7500.00,7450.00,ESPERAR,0,,ALINEADO,BEARISH_SQUEEZE_RISK,,,
20260721 144037,7478.39,7500.00,7450.00,ESPERAR,0,,ALINEADO,BEARISH_SQUEEZE_RISK,,,
20260721 144237,7478.80,7500.00,7450.00,ESPERAR,0,,ALINEADO,BULLISH_SQUEEZE_RISK,,,
20260721 144437,7479.17,7500.00,7470.00,ESPERAR,0,,ALINEADO,BEARISH_SQUEEZE_RISK,,,
20260721 144637,7479.17,7500.00,7470.00,ESPERAR,0,,ALINEADO,BEARISH_SQUEEZE_RISK,,,
20260721 144837,7479.17,7500.00,7470.00,ESPERAR,0,,ALINEADO,BEARISH_SQUEEZE_RISK,,,
20260721 145037,7479.92,7500.00,7470.00,ESPERAR,0,,ALINEADO,BEARISH_SQUEEZE_RISK,,,
20260721 145237,7479.74,7500.00,7470.00,ESPERAR,0,,ALINEADO,BEARISH_SQUEEZE_RISK,,,
20260721 145437,7479.74,7500.00,7470.00,ESPERAR,0,,ALINEADO,BEARISH_SQUEEZE_RISK,,,
20260721 145637,7480.51,7500.00,7470.00,ESPERAR,0,,ALINEADO,BEARISH_SQUEEZE_RISK,,,
20260721 145837,7480.26,7500.00,7470.00,ESPERAR,0,,ALINEADO,BEARISH_SQUEEZE_RISK,,,
20260721 150037,7480.00,7500.00,7470.00,ESPERAR,0,,ALINEADO,BEARISH_SQUEEZE_RISK,,,
20260721 150237,7480.08,7500.00,7470.00,ESPERAR,0,,ALINEADO,BEARISH_SQUEEZE_RISK,,,
20260721 150437,7481.20,7500.00,7470.00,ESPERAR,0,,ALINEADO,BEARISH_SQUEEZE_RISK,,,
20260721 150637,7481.20,7500.00,7470.00,ESPERAR,0,,ALINEADO,BEARISH_SQUEEZE_RISK,,,
20260721 150837,7480.26,7500.00,7470.00,ESPERAR,0,,ALINEADO,BEARISH_SQUEEZE_RISK,,,
20260721 151037,7480.51,7500.00,7470.00,ESPERAR,0,,ALINEADO,BEARISH_SQUEEZE_RISK,,,
20260721 151237,7480.26,7500.00,7470.00,ESPERAR,0,,ALINEADO,BEARISH_SQUEEZE_RISK,,,
20260721 151437,7481.20,7500.00,7470.00,ESPERAR,0,,ALINEADO,BEARISH_SQUEEZE_RISK,,,
20260721 151637,7481.61,7500.00,7470.00,ESPERAR,0,,ALINEADO,BEARISH_SQUEEZE_RISK,,,
20260721 151837,7481.61,7500.00,7470.00,ESPERAR,0,,ALINEADO,BEARISH_SQUEEZE_RISK,,,
20260721 152037,7481.61,7500.00,7470.00,ESPERAR,0,,ALINEADO,BEARISH_SQUEEZE_RISK,,,
20260721 152237,7482.05,7500.00,7470.00,ESPERAR,0,,ALINEADO,BULLISH_SQUEEZE_RISK,,,
20260721 152437,7482.05,7500.00,7470.00,ESPERAR,0,,ALINEADO,BULLISH_SQUEEZE_RISK,,,
20260721 152638,7482.50,7500.00,7470.00,ESPERAR,0,,ALINEADO,BEARISH_SQUEEZE_RISK,,,
20260721 152837,7482.95,7500.00,7470.00,ESPERAR,0,,ALINEADO,BEARISH_SQUEEZE_RISK,,,
20260721 153037,7483.80,7500.00,7470.00,ESPERAR,0,,ALINEADO,BEARISH_SQUEEZE_RISK,,,
20260721 153237,7482.95,7500.00,7470.00,ESPERAR,0,,ALINEADO,BEARISH_SQUEEZE_RISK,,,
20260721 153437,7483.80,7500.00,7470.00,ESPERAR,0,,ALINEADO,BEARISH_SQUEEZE_RISK,,,
20260721 153637,7484.17,7500.00,7470.00,ESPERAR,0,,ALINEADO,BEARISH_SQUEEZE_RISK,,,
20260721 153837,7484.49,7500.00,7470.00,ESPERAR,0,,ALINEADO,BEARISH_SQUEEZE_RISK,,,
20260721 154037,7484.74,7500.00,7470.00,ESPERAR,0,,ALINEADO,BEARISH_SQUEEZE_RISK,,,
20260721 154237,7484.17,7500.00,7470.00,ESPERAR,0,,ALINEADO,BEARISH_SQUEEZE_RISK,,,
20260721 154437,7484.17,7500.00,7470.00,ESPERAR,0,,ALINEADO,BEARISH_SQUEEZE_RISK,,,
20260721 154637,7484.17,7500.00,7470.00,ESPERAR,0,,ALINEADO,BEARISH_SQUEEZE_RISK,,,
20260721 154837,7484.17,7500.00,7470.00,ESPERAR,0,,ALINEADO,BEARISH_SQUEEZE_RISK,,,
20260721 155037,7484.49,7500.00,7470.00,ESPERAR,0,,ALINEADO,BEARISH_SQUEEZE_RISK,,,
20260721 155237,7484.49,7500.00,7470.00,ESPERAR,0,,ALINEADO,BEARISH_SQUEEZE_RISK,,,
20260721 155437,7484.74,7500.00,7470.00,ESPERAR,0,,ALINEADO,BEARISH_SQUEEZE_RISK,,,
20260721 155637,7485.00,7500.00,7470.00,ESPERAR,0,,ALINEADO,BEARISH_SQUEEZE_RISK,,,
20260721 155837,7485.26,7500.00,7470.00,ESPERAR,0,,ALINEADO,BEARISH_SQUEEZE_RISK,,,
20260721 160037,7487.50,7500.00,7470.00,ESPERAR,0,,ALINEADO,BULLISH_SQUEEZE_RISK,,,
20260721 160237,7486.61,7500.00,7470.00,ESPERAR,0,,ALINEADO,BEARISH_SQUEEZE_RISK,,,
20260721 160437,7486.20,7510.00,7470.00,ESPERAR,0,,ALINEADO,BEARISH_SQUEEZE_RISK,,,
20260721 160637,7487.50,7510.00,7470.08,ESPERAR,0,,ALINEADO,BEARISH_SQUEEZE_RISK,,,
20260721 160837,7486.20,7510.00,7470.00,ESPERAR,0,,ALINEADO,BEARISH_SQUEEZE_RISK,,,
20260721 161037,7487.05,7510.00,7470.00,ESPERAR,0,,ALINEADO,BEARISH_SQUEEZE_RISK,,,
20260721 161237,7487.50,7510.00,7470.00,ESPERAR,0,,ALINEADO,BEARISH_SQUEEZE_RISK,,,
20260721 161437,7487.50,7510.00,7470.00,ESPERAR,0,,ALINEADO,BEARISH_SQUEEZE_RISK,,,
20260721 161637,7487.95,7510.00,7470.00,ESPERAR,0,,ALINEADO,BEARISH_SQUEEZE_RISK,,,
20260721 161837,7488.39,7510.00,7470.00,ESPERAR,0,,ALINEADO,BEARISH_SQUEEZE_RISK,,,
20260721 162037,7488.80,7510.00,7474.92,ESPERAR,0,,ALINEADO,BEARISH_SQUEEZE_RISK,,,
20260721 162237,7489.17,7520.00,7474.74,ESPERAR,0,,ALINEADO,BEARISH_SQUEEZE_RISK,,,
20260721 162437,7490.26,7520.00,7479.92,ESPERAR,0,,ALINEADO,BEARISH_SQUEEZE_RISK,,,
20260721 162637,7490.08,7510.00,7474.92,ESPERAR,0,,ALINEADO,BEARISH_SQUEEZE_RISK,,,
20260721 162837,7490.08,7520.00,7475.00,ESPERAR,0,,ALINEADO,BEARISH_SQUEEZE_RISK,,,
20260721 163038,7490.26,7520.00,7470.51,ESPERAR,0,,ALINEADO,BEARISH_SQUEEZE_RISK,,,
20260721 163238,7489.74,7520.00,7470.83,ESPERAR,0,,ALINEADO,BEARISH_SQUEEZE_RISK,,,
20260721 163438,7489.74,7520.00,7470.83,ESPERAR,0,,ALINEADO,BEARISH_SQUEEZE_RISK,,,
20260721 163638,7490.83,7520.00,7475.00,ESPERAR,0,,ALINEADO,BEARISH_SQUEEZE_RISK,,,
20260721 163838,7490.83,7520.00,7470.08,ESPERAR,0,,ALINEADO,BEARISH_SQUEEZE_RISK,,,
20260721 164038,7490.83,7520.00,7470.08,ESPERAR,0,,ALINEADO,BEARISH_SQUEEZE_RISK,,,
20260721 164238,7490.51,7520.00,7470.08,ESPERAR,0,,ALINEADO,BEARISH_SQUEEZE_RISK,,,
20260721 164438,7490.83,7520.00,7475.00,ESPERAR,0,,ALINEADO,BEARISH_SQUEEZE_RISK,,,
20260721 164638,7490.83,7520.00,7470.08,ESPERAR,0,,ALINEADO,BEARISH_SQUEEZE_RISK,,,
20260721 164838,7491.20,7520.00,7470.26,ESPERAR,0,,ALINEADO,BEARISH_SQUEEZE_RISK,,,
20260721 165038,7491.20,7520.00,7474.92,ESPERAR,0,,ALINEADO,BEARISH_SQUEEZE_RISK,,,
20260721 165238,7491.61,7520.00,7474.17,ESPERAR,0,,ALINEADO,BEARISH_SQUEEZE_RISK,,,
20260721 165438,7491.61,7520.00,7475.00,ESPERAR,0,,ALINEADO,BEARISH_SQUEEZE_RISK,,,
20260721 165638,7491.61,7520.00,7474.92,ESPERAR,0,,ALINEADO,BEARISH_SQUEEZE_RISK,,,
20260721 165838,7491.61,7520.00,7471.20,ESPERAR,0,,ALINEADO,BEARISH_SQUEEZE_RISK,,,
20260721 170038,7492.05,7520.00,7474.92,ESPERAR,0,,ALINEADO,BEARISH_SQUEEZE_RISK,,,
20260721 170238,7492.05,7520.00,7470.08,ESPERAR,0,,ALINEADO,BEARISH_SQUEEZE_RISK,,,
20260721 170438,7492.05,7520.00,7470.08,ESPERAR,0,,ALINEADO,BEARISH_SQUEEZE_RISK,,,
20260721 170638,7492.50,7520.00,7470.08,ESPERAR,0,,ALINEADO,BEARISH_SQUEEZE_RISK,,,
20260721 170838,7492.50,7520.00,7470.00,ESPERAR,0,,ALINEADO,BEARISH_SQUEEZE_RISK,,,
20260721 171038,7492.95,7520.00,7475.00,ESPERAR,0,,ALINEADO,BEARISH_SQUEEZE_RISK,,,
20260721 171238,7492.95,7520.00,7475.00,ESPERAR,0,,ALINEADO,BEARISH_SQUEEZE_RISK,,,
20260721 171438,7492.95,7520.00,7475.00,ESPERAR,0,,ALINEADO,BEARISH_SQUEEZE_RISK,,,
20260721 171638,7492.95,7520.00,7475.00,ESPERAR,0,,ALINEADO,BEARISH_SQUEEZE_RISK,,,
20260721 171838,7492.95,7520.00,7470.08,ESPERAR,0,,ALINEADO,BEARISH_SQUEEZE_RISK,,,
20260721 172038,7492.95,7520.00,7480.00,ESPERAR,0,,ALINEADO,BEARISH_SQUEEZE_RISK,,,
20260721 172238,7492.95,7519.92,7480.00,ESPERAR,0,,ALINEADO,BEARISH_SQUEEZE_RISK,,,
20260721 172438,7492.95,7520.00,7480.00,ESPERAR,0,,ALINEADO,BEARISH_SQUEEZE_RISK,,,
20260721 172638,7492.95,7519.92,7470.26,ESPERAR,0,,ALINEADO,BEARISH_SQUEEZE_RISK,,,
20260721 172838,7493.39,7520.00,7479.92,ESPERAR,0,,ALINEADO,BEARISH_SQUEEZE_RISK,,,
20260721 173038,7493.39,7519.92,7475.00,ESPERAR,0,,ALINEADO,BEARISH_SQUEEZE_RISK,,,
20260721 173238,7493.39,7520.00,7479.92,ESPERAR,0,,ALINEADO,BEARISH_SQUEEZE_RISK,,,
20260721 173438,7493.80,7520.00,7480.00,ESPERAR,0,,ALINEADO,BEARISH_SQUEEZE_RISK,,,
20260721 173638,7493.80,7519.92,7475.00,ESPERAR,0,,ALINEADO,BEARISH_SQUEEZE_RISK,,,
20260721 173838,7494.49,7520.00,7480.00,ESPERAR,0,,ALINEADO,BEARISH_SQUEEZE_RISK,,,
20260721 174038,7494.74,7520.00,7480.00,ESPERAR,0,,ALINEADO,BEARISH_SQUEEZE_RISK,,,
20260721 174238,7495.00,7520.00,7490.00,ESPERAR,0,,ALINEADO,BEARISH_SQUEEZE_RISK,,,
20260721 174438,7494.49,7520.00,7479.92,ESPERAR,0,,ALINEADO,BEARISH_SQUEEZE_RISK,,,
20260721 174638,7495.00,7520.00,7490.00,ESPERAR,0,,ALINEADO,BEARISH_SQUEEZE_RISK,,,
20260721 174838,7494.74,7520.00,7490.00,ESPERAR,0,,ALINEADO,BEARISH_SQUEEZE_RISK,,,
20260721 175038,7495.26,7520.00,7490.00,ESPERAR,0,,ALINEADO,BEARISH_SQUEEZE_RISK,,,
20260721 175238,7496.20,7520.00,7490.00,ESPERAR,0,,ALINEADO,BEARISH_SQUEEZE_RISK,,,
20260721 175438,7496.20,7520.00,7490.00,ESPERAR,0,,ALINEADO,BEARISH_SQUEEZE_RISK,,,
20260721 175638,7495.51,7520.00,7485.00,ESPERAR,0,,ALINEADO,BEARISH_SQUEEZE_RISK,,,
20260721 175838,7495.00,7519.92,7490.00,ESPERAR,0,,ALINEADO,BEARISH_SQUEEZE_RISK,,,
20260721 180038,7495.26,7519.92,7480.00,ESPERAR,0,,ALINEADO,BEARISH_SQUEEZE_RISK,,,
20260721 180238,7497.50,7519.92,7494.49,ESPERAR,0,,ALINEADO,BEARISH_SQUEEZE_RISK,,,
20260721 180438,7495.08,7515.83,7490.00,ESPERAR,0,,ALINEADO,BULLISH_SQUEEZE_RISK,,,
20260721 180638,7495.08,7515.08,7489.92,ESPERAR,0,,ALINEADO,BULLISH_SQUEEZE_RISK,,,
20260721 180838,7495.26,7518.39,7490.00,ESPERAR,0,,ALINEADO,BULLISH_SQUEEZE_RISK,,,
20260721 181038,7495.51,7515.08,7490.00,ESPERAR,0,,ALINEADO,BULLISH_SQUEEZE_RISK,,,
20260721 181238,7495.51,7516.20,7480.00,ESPERAR,0,,ALINEADO,BULLISH_SQUEEZE_RISK,,,
20260721 181438,7495.51,7515.00,7490.00,ESPERAR,0,,ALINEADO,BULLISH_SQUEEZE_RISK,,,
20260721 181638,7495.51,7515.00,7490.00,ESPERAR,0,,ALINEADO,BULLISH_SQUEEZE_RISK,,,
20260721 181838,7495.83,7515.00,7490.00,ESPERAR,0,,ALINEADO,BULLISH_SQUEEZE_RISK,,,
20260721 182038,7495.83,7515.00,7490.00,ESPERAR,0,,ALINEADO,BULLISH_SQUEEZE_RISK,,,
20260721 182238,7495.51,7515.00,7490.00,ESPERAR,0,,ALINEADO,BULLISH_SQUEEZE_RISK,,,
20260721 182438,7495.51,7515.00,7490.00,ESPERAR,0,,ALINEADO,BULLISH_SQUEEZE_RISK,,,
20260721 182638,7495.83,7515.00,7490.00,ESPERAR,0,,ALINEADO,BULLISH_SQUEEZE_RISK,,,
20260721 182838,7495.83,7515.00,7490.00,ESPERAR,0,,ALINEADO,BULLISH_SQUEEZE_RISK,,,
20260721 183038,7495.83,7515.00,7490.00,ESPERAR,0,,ALINEADO,BULLISH_SQUEEZE_RISK,,,
20260721 183238,7497.05,7515.00,7490.00,ESPERAR,0,,ALINEADO,BULLISH_SQUEEZE_RISK,,,
20260721 183438,7499.17,7515.00,7490.00,ESPERAR,0,,ALINEADO,BULLISH_SQUEEZE_RISK,,,
20260721 183638,7496.61,7515.00,7490.00,ESPERAR,0,,ALINEADO,BULLISH_SQUEEZE_RISK,,,
20260721 183838,7496.61,7515.00,7490.00,ESPERAR,0,,ALINEADO,BULLISH_SQUEEZE_RISK,,,
20260721 184038,7496.20,7514.92,7490.00,ESPERAR,0,,ALINEADO,BULLISH_SQUEEZE_RISK,,,
20260721 184238,7496.61,7514.74,7490.00,ESPERAR,0,,ALINEADO,BEARISH_SQUEEZE_RISK,,,
20260721 184438,7498.39,7515.00,7490.00,ESPERAR,0,,ALINEADO,BULLISH_SQUEEZE_RISK,,,
20260721 184638,7502.05,7515.00,7495.00,ESPERAR,0,,ALINEADO,BULLISH_SQUEEZE_RISK,,,
20260721 184838,7499.17,7515.00,7490.00,ESPERAR,0,,ALINEADO,BULLISH_SQUEEZE_RISK,,,
20260721 185038,7500.83,7515.00,7495.00,ESPERAR,0,,ALINEADO,BULLISH_SQUEEZE_RISK,,,
20260721 185238,7500.51,7515.00,7495.00,ESPERAR,0,,ALINEADO,BULLISH_SQUEEZE_RISK,,,
20260721 185438,7499.49,7515.00,7490.00,ESPERAR,0,,ALINEADO,BULLISH_SQUEEZE_RISK,,,
20260721 185638,7501.61,7515.00,7490.00,ESPERAR,0,,ALINEADO,BULLISH_SQUEEZE_RISK,,,
20260721 185838,7501.61,7515.00,7494.92,ESPERAR,0,,ALINEADO,BULLISH_SQUEEZE_RISK,,,
20260721 190038,7503.80,7515.00,7490.00,ESPERAR,0,,ALINEADO,BULLISH_SQUEEZE_RISK,,,
20260721 190238,7503.80,7515.00,7490.00,ESPERAR,0,,ALINEADO,BULLISH_SQUEEZE_RISK,,,
20260721 190438,7502.95,7515.00,7490.00,ESPERAR,0,,ALINEADO,BULLISH_SQUEEZE_RISK,,,
20260721 190638,7501.20,7514.92,7490.00,ESPERAR,0,,ALINEADO,BULLISH_SQUEEZE_RISK,,,
20260721 190838,7502.05,7515.00,7490.00,ESPERAR,0,,ALINEADO,BULLISH_SQUEEZE_RISK,,,
20260721 191038,7505.26,7514.92,7500.00,ESPERAR,0,,ALINEADO,BULLISH_SQUEEZE_RISK,,,
20260721 191238,7505.08,7515.00,7500.00,ESPERAR,0,,ALINEADO,BULLISH_SQUEEZE_RISK,,,
20260721 191438,7505.08,7514.92,7500.00,ESPERAR,0,,ALINEADO,BULLISH_SQUEEZE_RISK,,,
20260721 191638,7505.83,7515.00,7504.49,ESPERAR,0,,ALINEADO,BULLISH_SQUEEZE_RISK,,,
20260721 191838,7505.83,7515.00,7504.74,ESPERAR,0,,ALINEADO,BULLISH_SQUEEZE_RISK,,,
20260721 192038,7504.74,7515.00,7499.74,ESPERAR,0,,ALINEADO,BULLISH_SQUEEZE_RISK,,,
20260721 192238,7505.83,7515.00,7502.50,ESPERAR,0,,ALINEADO,BULLISH_SQUEEZE_RISK,,,
20260721 192438,7505.83,7515.00,7504.74,ESPERAR,0,,ALINEADO,BULLISH_SQUEEZE_RISK,,,
20260721 192638,7505.83,7515.00,7504.74,ESPERAR,0,,ALINEADO,BULLISH_SQUEEZE_RISK,,,
20260721 192838,7506.61,7515.00,7504.92,ESPERAR,0,,ALINEADO,BULLISH_SQUEEZE_RISK,,,
20260721 193038,7506.61,7515.00,7504.92,ESPERAR,0,,ALINEADO,BULLISH_SQUEEZE_RISK,,,
20260721 193238,7506.20,7515.00,7504.92,ESPERAR,0,,ALINEADO,BULLISH_SQUEEZE_RISK,,,
20260721 193438,7507.05,7515.00,7504.92,ESPERAR,0,,ALINEADO,BULLISH_SQUEEZE_RISK,,,
20260721 193638,7506.20,7515.00,7504.92,ESPERAR,0,,ALINEADO,BULLISH_SQUEEZE_RISK,,,
20260721 193838,7505.83,7515.00,7504.92,ESPERAR,0,,ALINEADO,BULLISH_SQUEEZE_RISK,,,
20260721 194038,7505.51,7513.80,7504.49,ESPERAR,0,,ALINEADO,BULLISH_SQUEEZE_RISK,,,
20260721 194238,7506.20,7514.92,7504.92,ESPERAR,0,,ALINEADO,BULLISH_SQUEEZE_RISK,,,
20260721 194438,7509.74,7515.00,7505.00,ESPERAR,0,,ALINEADO,BULLISH_SQUEEZE_RISK,,,
20260721 194638,7505.83,7514.92,7504.74,ESPERAR,0,,ALINEADO,BULLISH_SQUEEZE_RISK,,,
20260721 194838,7506.20,7512.05,7504.92,ESPERAR,0,,ALINEADO,BULLISH_SQUEEZE_RISK,,,
20260721 195038,7505.83,7514.92,7500.00,ESPERAR,0,,ALINEADO,BULLISH_SQUEEZE_RISK,,,
20260721 195238,7505.83,7510.08,7504.92,ESPERAR,0,,ALINEADO,BULLISH_SQUEEZE_RISK,,,
20260721 195438,7505.83,7510.00,7505.00,ESPERAR,0,,ALINEADO,BULLISH_SQUEEZE_RISK,,,
20260721 195638,7506.20,7510.00,7505.00,ESPERAR,0,,ALINEADO,BULLISH_SQUEEZE_RISK,,,
20260721 195838,7505.83,7514.49,7505.00,ESPERAR,0,,ALINEADO,BULLISH_SQUEEZE_RISK,,,
20260721 200038,7507.95,7499.92,7510.00,ESPERAR,0,,ALINEADO,BULLISH_SQUEEZE_RISK,,,
20260721 200238,7507.95,7499.92,7510.00,ESPERAR,0,,ALINEADO,BULLISH_SQUEEZE_RISK,,,
20260721 200438,7507.95,7499.92,7510.00,ESPERAR,0,,ALINEADO,BULLISH_SQUEEZE_RISK,,,
20260721 200638,7507.95,7499.92,7510.00,ESPERAR,0,,ALINEADO,BULLISH_SQUEEZE_RISK,,,
20260721 200838,7507.95,7499.92,7510.00,ESPERAR,0,,ALINEADO,BULLISH_SQUEEZE_RISK,,,
20260721 201039,7507.95,7499.92,7510.00,ESPERAR,0,,ALINEADO,BULLISH_SQUEEZE_RISK,,,
20260721 201239,7507.95,7499.92,7510.00,ESPERAR,0,,ALINEADO,BULLISH_SQUEEZE_RISK,,,
20260721 201439,7507.95,7499.92,7510.00,ESPERAR,0,,ALINEADO,BULLISH_SQUEEZE_RISK,,,
20260721 201639,7507.95,7499.92,7510.00,ESPERAR,0,,ALINEADO,BULLISH_SQUEEZE_RISK,,,
20260721 201839,7507.95,7499.92,7510.00,ESPERAR,0,,ALINEADO,BULLISH_SQUEEZE_RISK,,,
20260721 202039,7507.95,7499.92,7510.00,ESPERAR,0,,ALINEADO,BULLISH_SQUEEZE_RISK,,,
20260721 202239,7507.95,7499.92,7510.00,ESPERAR,0,,ALINEADO,BULLISH_SQUEEZE_RISK,,,
20260721 202439,7507.95,7499.92,7510.00,ESPERAR,0,,ALINEADO,BULLISH_SQUEEZE_RISK,,,
20260721 202639,7507.95,7499.92,7510.00,ESPERAR,0,,ALINEADO,BULLISH_SQUEEZE_RISK,,,
20260721 202839,7507.95,7499.92,7510.00,ESPERAR,0,,ALINEADO,BULLISH_SQUEEZE_RISK,,,
20260721 203039,7507.95,7499.92,7510.00,ESPERAR,0,,ALINEADO,BULLISH_SQUEEZE_RISK,,,
20260721 203239,7507.95,7499.92,7510.00,ESPERAR,0,,ALINEADO,BULLISH_SQUEEZE_RISK,,,
20260721 203439,7507.95,7499.92,7510.00,ESPERAR,0,,ALINEADO,BULLISH_SQUEEZE_RISK,,,
20260721 203639,7507.95,7499.92,7510.00,ESPERAR,0,,ALINEADO,BULLISH_SQUEEZE_RISK,,,
20260721 203839,7507.95,7499.92,7510.00,ESPERAR,0,,ALINEADO,BULLISH_SQUEEZE_RISK,,,
20260721 204039,7507.95,7499.92,7510.00,ESPERAR,0,,ALINEADO,BULLISH_SQUEEZE_RISK,,,
20260721 204239,7507.95,7499.92,7510.00,ESPERAR,0,,ALINEADO,BULLISH_SQUEEZE_RISK,,,
20260721 204439,7507.95,7499.92,7510.00,ESPERAR,0,,ALINEADO,BULLISH_SQUEEZE_RISK,,,
20260721 204639,7507.95,7499.92,7510.00,ESPERAR,0,,ALINEADO,BULLISH_SQUEEZE_RISK,,,
20260721 204839,7507.95,7499.92,7510.00,ESPERAR,0,,ALINEADO,BULLISH_SQUEEZE_RISK,,,
20260721 205039,7507.95,7499.92,7510.00,ESPERAR,0,,ALINEADO,BULLISH_SQUEEZE_RISK,,,
20260721 205239,7507.95,7499.92,7510.00,ESPERAR,0,,ALINEADO,BULLISH_SQUEEZE_RISK,,,
20260721 205439,7507.95,7499.92,7510.00,ESPERAR,0,,ALINEADO,BULLISH_SQUEEZE_RISK,,,
20260721 205639,7507.95,7499.92,7510.00,ESPERAR,0,,ALINEADO,BULLISH_SQUEEZE_RISK,,,
20260721 205839,7507.95,7499.92,7510.00,ESPERAR,0,,ALINEADO,BULLISH_SQUEEZE_RISK,,,
20260721 210039,7507.95,7499.92,7510.00,ESPERAR,0,,ALINEADO,BULLISH_SQUEEZE_RISK,,,
20260721 210239,7507.95,7499.92,7510.00,ESPERAR,0,,ALINEADO,BULLISH_SQUEEZE_RISK,,,
20260721 210439,7507.95,7499.92,7510.00,ESPERAR,0,,ALINEADO,BULLISH_SQUEEZE_RISK,,,
20260721 210639,7507.95,7499.92,7510.00,ESPERAR,0,,ALINEADO,BULLISH_SQUEEZE_RISK,,,
20260721 210839,7507.95,7499.92,7510.00,ESPERAR,0,,ALINEADO,BULLISH_SQUEEZE_RISK,,,
20260721 211039,7507.95,7499.92,7510.00,ESPERAR,0,,ALINEADO,BULLISH_SQUEEZE_RISK,,,
20260721 211239,7507.95,7499.92,7510.00,ESPERAR,0,,ALINEADO,BULLISH_SQUEEZE_RISK,,,
20260721 211439,7507.95,7499.92,7510.00,ESPERAR,0,,ALINEADO,BULLISH_SQUEEZE_RISK,,,
20260721 211639,7507.95,7499.92,7510.00,ESPERAR,0,,ALINEADO,BULLISH_SQUEEZE_RISK,,,
20260721 211839,7507.95,7499.92,7510.00,ESPERAR,0,,ALINEADO,BULLISH_SQUEEZE_RISK,,,
20260721 212039,7507.95,7499.92,7510.00,ESPERAR,0,,ALINEADO,BULLISH_SQUEEZE_RISK,,,
20260721 212239,7507.95,7499.92,7510.00,ESPERAR,0,,ALINEADO,BULLISH_SQUEEZE_RISK,,,
20260721 212439,7507.95,7499.92,7510.00,ESPERAR,0,,ALINEADO,BULLISH_SQUEEZE_RISK,,,
20260721 212639,7507.95,7499.92,7510.00,ESPERAR,0,,ALINEADO,BULLISH_SQUEEZE_RISK,,,
20260721 212839,7507.95,7499.92,7510.00,ESPERAR,0,,ALINEADO,BULLISH_SQUEEZE_RISK,,,
20260721 213039,7507.95,7499.92,7510.00,ESPERAR,0,,ALINEADO,BULLISH_SQUEEZE_RISK,,,
20260721 213239,7507.95,7499.92,7510.00,ESPERAR,0,,ALINEADO,BULLISH_SQUEEZE_RISK,,,
20260721 213439,7507.95,7499.92,7510.00,ESPERAR,0,,ALINEADO,BULLISH_SQUEEZE_RISK,,,
20260721 213639,7507.95,7499.92,7510.00,ESPERAR,0,,ALINEADO,BULLISH_SQUEEZE_RISK,,,
20260721 213839,7507.95,7499.92,7510.00,ESPERAR,0,,ALINEADO,BULLISH_SQUEEZE_RISK,,,
20260721 214039,7507.95,7499.92,7510.00,ESPERAR,0,,ALINEADO,BULLISH_SQUEEZE_RISK,,,
20260721 214239,7507.95,7499.92,7510.00,ESPERAR,0,,ALINEADO,BULLISH_SQUEEZE_RISK,,,
20260721 214439,7507.95,7499.92,7510.00,ESPERAR,0,,ALINEADO,BULLISH_SQUEEZE_RISK,,,
20260721 214639,7507.95,7499.92,7510.00,ESPERAR,0,,ALINEADO,BULLISH_SQUEEZE_RISK,,,
20260721 214839,7507.95,7499.92,7510.00,ESPERAR,0,,ALINEADO,BULLISH_SQUEEZE_RISK,,,
20260721 215039,7507.95,7499.92,7510.00,ESPERAR,0,,ALINEADO,BULLISH_SQUEEZE_RISK,,,
20260721 215239,7507.95,7499.92,7510.00,ESPERAR,0,,ALINEADO,BULLISH_SQUEEZE_RISK,,,
20260721 215439,7507.95,7499.92,7510.00,ESPERAR,0,,ALINEADO,BULLISH_SQUEEZE_RISK,,,
20260721 215639,7507.95,7499.92,7510.00,ESPERAR,0,,ALINEADO,BULLISH_SQUEEZE_RISK,,,
20260721 215839,7507.95,7499.92,7510.00,ESPERAR,0,,ALINEADO,BULLISH_SQUEEZE_RISK,,,
20260721 220039,7507.95,7499.92,7510.00,ESPERAR,0,,ALINEADO,BULLISH_SQUEEZE_RISK,,,
20260721 220239,7507.95,7499.92,7510.00,ESPERAR,0,,ALINEADO,BULLISH_SQUEEZE_RISK,,,
20260721 220439,7507.95,7499.92,7510.00,ESPERAR,0,,ALINEADO,BULLISH_SQUEEZE_RISK,,,
20260721 220639,7507.95,7499.92,7510.00,ESPERAR,0,,ALINEADO,BULLISH_SQUEEZE_RISK,,,
20260721 220839,7507.95,7499.92,7510.00,ESPERAR,0,,ALINEADO,BULLISH_SQUEEZE_RISK,,,
20260721 221039,7507.95,7499.92,7510.00,ESPERAR,0,,ALINEADO,BULLISH_SQUEEZE_RISK,,,
20260721 221239,7507.95,7499.92,7510.00,ESPERAR,0,,ALINEADO,BULLISH_SQUEEZE_RISK,,,
20260721 221439,7507.95,7499.92,7510.00,ESPERAR,0,,ALINEADO,BULLISH_SQUEEZE_RISK,,,
20260721 221639,7507.95,7499.92,7510.00,ESPERAR,0,,ALINEADO,BULLISH_SQUEEZE_RISK,,,
20260721 221839,7507.95,7499.92,7510.00,ESPERAR,0,,ALINEADO,BULLISH_SQUEEZE_RISK,,,
20260721 222039,7507.95,7499.92,7510.00,ESPERAR,0,,ALINEADO,BULLISH_SQUEEZE_RISK,,,
20260721 222239,7507.95,7499.92,7510.00,ESPERAR,0,,ALINEADO,BULLISH_SQUEEZE_RISK,,,
20260721 222439,7507.95,7499.92,7510.00,ESPERAR,0,,ALINEADO,BULLISH_SQUEEZE_RISK,,,
20260721 222639,7507.95,7499.92,7510.00,ESPERAR,0,,ALINEADO,BULLISH_SQUEEZE_RISK,,,
20260721 222842,7507.95,7499.92,7510.00,ESPERAR,0,,ALINEADO,BULLISH_SQUEEZE_RISK,,,
20260721 223039,7507.95,7499.92,7510.00,ESPERAR,0,,ALINEADO,BULLISH_SQUEEZE_RISK,,,
20260721 223239,7507.95,7499.92,7510.00,ESPERAR,0,,ALINEADO,BULLISH_SQUEEZE_RISK,,,
20260721 223439,7507.95,7499.92,7510.00,ESPERAR,0,,ALINEADO,BULLISH_SQUEEZE_RISK,,,
20260721 223639,7507.95,7499.92,7510.00,ESPERAR,0,,ALINEADO,BULLISH_SQUEEZE_RISK,,,
20260721 223839,7507.95,7499.92,7510.00,ESPERAR,0,,ALINEADO,BULLISH_SQUEEZE_RISK,,,
20260721 224039,7507.95,7499.92,7510.00,ESPERAR,0,,ALINEADO,BULLISH_SQUEEZE_RISK,,,
20260721 224239,7507.95,7499.92,7510.00,ESPERAR,0,,ALINEADO,BULLISH_SQUEEZE_RISK,,,
20260721 224439,7507.95,7499.92,7510.00,ESPERAR,0,,ALINEADO,BULLISH_SQUEEZE_RISK,,,
20260721 224639,7507.95,7499.92,7510.00,ESPERAR,0,,ALINEADO,BULLISH_SQUEEZE_RISK,,,
20260721 224839,7507.95,7499.92,7510.00,ESPERAR,0,,ALINEADO,BULLISH_SQUEEZE_RISK,,,
20260721 225039,7507.95,7499.92,7510.00,ESPERAR,0,,ALINEADO,BULLISH_SQUEEZE_RISK,,,
20260721 225239,7507.95,7499.92,7510.00,ESPERAR,0,,ALINEADO,BULLISH_SQUEEZE_RISK,,,
20260721 225439,7507.95,7499.92,7510.00,ESPERAR,0,,ALINEADO,BULLISH_SQUEEZE_RISK,,,
20260721 225639,7507.95,7499.92,7510.00,ESPERAR,0,,ALINEADO,BULLISH_SQUEEZE_RISK,,,
20260721 225839,7507.95,7499.92,7510.00,ESPERAR,0,,ALINEADO,BULLISH_SQUEEZE_RISK,,,
20260721 230039,7507.95,7499.92,7510.00,ESPERAR,0,,ALINEADO,BULLISH_SQUEEZE_RISK,,,
20260721 230239,7507.95,7499.92,7510.00,ESPERAR,0,,ALINEADO,BULLISH_SQUEEZE_RISK,,,
20260721 230439,7507.95,7499.92,7510.00,ESPERAR,0,,ALINEADO,BULLISH_SQUEEZE_RISK,,,
20260721 230639,7507.95,7499.92,7510.00,ESPERAR,0,,ALINEADO,BULLISH_SQUEEZE_RISK,,,
20260721 230839,7507.95,7499.92,7510.00,ESPERAR,0,,ALINEADO,BULLISH_SQUEEZE_RISK,,,
20260721 231039,7507.95,7499.92,7510.00,ESPERAR,0,,ALINEADO,BULLISH_SQUEEZE_RISK,,,
20260721 231239,7507.95,7499.92,7510.00,ESPERAR,0,,ALINEADO,BULLISH_SQUEEZE_RISK,,,
20260721 231439,7507.95,7499.92,7510.00,ESPERAR,0,,ALINEADO,BULLISH_SQUEEZE_RISK,,,
20260721 231639,7507.95,7499.92,7510.00,ESPERAR,0,,ALINEADO,BULLISH_SQUEEZE_RISK,,,
20260721 231839,7507.95,7499.92,7510.00,ESPERAR,0,,ALINEADO,BULLISH_SQUEEZE_RISK,,,
